"glyph_id","char","status","note"
"1","0","confirmed","FUN_8008d1d8 ASCII digit mapping"
"2","1","confirmed","FUN_8008d1d8 ASCII digit mapping"
"3","2","confirmed","FUN_8008d1d8 ASCII digit mapping"
"4","3","confirmed","FUN_8008d1d8 ASCII digit mapping"
"5","4","confirmed","FUN_8008d1d8 ASCII digit mapping"
"6","5","confirmed","FUN_8008d1d8 ASCII digit mapping"
"7","6","confirmed","FUN_8008d1d8 ASCII digit mapping"
"8","7","confirmed","FUN_8008d1d8 ASCII digit mapping"
"9","8","confirmed","FUN_8008d1d8 ASCII digit mapping"
"10","9","confirmed","FUN_8008d1d8 ASCII digit mapping"
"11","A","confirmed","FUN_8008d1d8 ASCII uppercase mapping"
"12","B","confirmed","FUN_8008d1d8 ASCII uppercase mapping"
"13","C","confirmed","FUN_8008d1d8 ASCII uppercase mapping"
"14","D","confirmed","FUN_8008d1d8 ASCII uppercase mapping"
"15","E","confirmed","visual 8x14 font chart"
"16","F","confirmed","visual 8x14 font chart"
"17","G","confirmed","visual 8x14 font chart"
"18","H","confirmed","visual 8x14 font chart"
"19","I","confirmed","visual 8x14 font chart"
"20","J","confirmed","visual 8x14 font chart"
"21","K","confirmed","visual 8x14 font chart"
"22","L","confirmed","visual 8x14 font chart"
"23","M","confirmed","visual 8x14 font chart"
"24","N","confirmed","visual 8x14 font chart"
"25","O","confirmed","visual 8x14 font chart"
"26","P","confirmed","visual 8x14 font chart"
"27","Q","confirmed","visual 8x14 font chart"
"28","R","confirmed","visual 8x14 font chart"
"29","S","confirmed","visual 8x14 font chart"
"30","T","confirmed","visual 8x14 font chart"
"31","U","confirmed","visual 8x14 font chart"
"32","V","confirmed","visual 8x14 font chart"
"33","W","confirmed","visual 8x14 font chart"
"34","X","confirmed","visual 8x14 font chart"
"35","Y","confirmed","visual 8x14 font chart"
"36","Z","confirmed","visual 8x14 font chart"
"37","あ","confirmed","visual 8x14 hiragana chart; UI context 空きがありません"
"38","い","confirmed","visual 8x14 hiragana chart; UI context Aボタンを押してください"
"39","う","confirmed","visual 8x14 hiragana chart"
"40","え","confirmed","visual 8x14 hiragana chart"
"41","お","confirmed","visual 8x14 hiragana chart"
"42","か","confirmed","visual 8x14 hiragana chart"
"43","き","confirmed","visual 8x14 hiragana chart; table 0:82 蒼き流星SPTレイズナー"
"44","く","confirmed","visual 8x14 hiragana chart; UI context Aボタンを押してください"
"45","け","confirmed","visual 8x14 hiragana chart"
"46","こ","confirmed","visual 8x14 hiragana chart"
"47","さ","confirmed","visual 8x14 hiragana chart; UI context Aボタンを押してください"
"48","し","confirmed","visual 8x14 hiragana chart; UI context Aボタンを押してください"
"49","す","confirmed","visual 8x14 hiragana chart"
"50","せ","confirmed","visual 8x14 hiragana chart; UI context 空きがありません"
"51","そ","confirmed","visual 8x14 hiragana chart"
"52","た","confirmed","visual 8x14 hiragana chart"
"53","ち","confirmed","visual 8x14 hiragana chart"
"54","つ","confirmed","visual 8x14 hiragana chart"
"55","て","confirmed","visual 8x14 hiragana chart; UI context Aボタンを押してください"
"56","と","confirmed","visual 8x14 hiragana chart"
"57","な","confirmed","visual 8x14 hiragana chart"
"58","に","confirmed","visual 8x14 hiragana chart"
"59","ぬ","confirmed","visual 8x14 hiragana chart"
"60","ね","confirmed","visual 8x14 hiragana chart"
"61","の","confirmed","visual 8x14 hiragana chart; table 0:90 逆襲のシャア"
"62","は","confirmed","visual 8x14 hiragana chart"
"63","ひ","confirmed","visual 8x14 hiragana chart"
"64","ふ","confirmed","visual 8x14 hiragana chart"
"65","へ","confirmed","visual 8x14 hiragana chart"
"66","ほ","confirmed","visual 8x14 hiragana chart"
"67","ま","confirmed","visual 8x14 hiragana chart; UI context 空きがありません"
"68","み","confirmed","visual 8x14 hiragana chart"
"69","む","confirmed","visual 8x14 hiragana chart"
"70","め","confirmed","visual 8x14 hiragana chart"
"71","も","confirmed","visual 8x14 hiragana chart"
"72","や","confirmed","visual 8x14 hiragana chart"
"73","ゆ","confirmed","visual 8x14 hiragana chart"
"74","よ","confirmed","visual 8x14 hiragana chart"
"75","ら","confirmed","visual 8x14 hiragana chart"
"76","り","confirmed","visual 8x14 hiragana chart; UI context 空きがありません"
"77","る","confirmed","visual 8x14 hiragana chart"
"78","れ","confirmed","visual 8x14 hiragana chart"
"79","ろ","confirmed","visual 8x14 hiragana chart"
"80","わ","confirmed","visual 8x14 hiragana chart"
"81","を","confirmed","visual 8x14 hiragana chart; UI context Aボタンを押してください"
"82","ん","confirmed","visual 8x14 hiragana chart; UI context 空きがありません"
"92","が","confirmed","visual UI context コントローラパックが接続されていません"
"102","だ","confirmed","visual UI context Aボタンを押してください"
"105","で","confirmed","visual UI context 空きページが必要です"
"198","?","confirmed","FUN_8008d1d8 ASCII special mapping"
"210","+","confirmed","FUN_8008d1d8 ASCII special mapping"
"211","ー","confirmed","visual long vowel mark; FUN_8008d1d8 '-' also maps here"
"212","$","confirmed","FUN_8008d1d8 ASCII special mapping"
"213","/","confirmed","FUN_8008d1d8 ASCII special mapping"
"217","p","confirmed","FUN_8008d1d8 ASCII special mapping"
"218","_","confirmed","FUN_8008d1d8 ASCII special mapping"
"220","「","confirmed","visual quote opener; dialogue context"
"221","」","confirmed","visual quote closer; dialogue context"
"224","(","confirmed","FUN_8008d1d8 ASCII special mapping"
"225",")","confirmed","FUN_8008d1d8 ASCII special mapping"
"124","ク","confirmed","visual table 0:11 クレバス"
"129","ス","confirmed","visual table 0:11 クレバス"
"132","タ","confirmed","visual table 0:35 クレーター"
"118","イ","confirmed","visual table 0:72 UFOロボ グレンダイザー"
"121","オ","confirmed","visual table 0:100 オリジナル"
"117","ア","confirmed","visual table 0:84 ジャイアント・ロボ"
"126","コ","confirmed","visual table 0:76 超電磁ロボ コン・バトラーV"
"128","シ","confirmed","visual table 0:79 戦国魔神ゴーショーグン"
"136","ト","confirmed","visual table 0:71 グレートマジンガー"
"137","ナ","confirmed","visual table 0:82 蒼き流星SPTレイズナー"
"147","マ","confirmed","visual table 0:70 マジンガー"
"149","ム","confirmed","visual table 0:60 機動戦士ガンダム"
"155","ラ","confirmed","visual table 0:76 超電磁ロボ コン・バトラーV"
"156","リ","confirmed","visual table 0:100 オリジナル"
"157","ル","confirmed","visual table 0:19 高層ビル"
"158","レ","confirmed","visual table 0:11 クレバス; table 0:35 クレーター"
"159","ロ","confirmed","visual table 0:72 UFOロボ グレンダイザー"
"162","ン","confirmed","visual table 0:60 機動戦士ガンダム"
"172","ガ","confirmed","visual table 0:60 機動戦士ガンダム"
"168","ッ","confirmed","visual table 0:73 ゲッターロボ"
"169","ャ","confirmed","visual table 0:84 ジャイアント・ロボ"
"171","ョ","confirmed","visual table 0:79 戦国魔神ゴーショーグン"
"174","グ","confirmed","visual table 0:71 グレートマジンガー"
"175","ゲ","confirmed","visual table 0:73 ゲッターロボ"
"176","ゴ","confirmed","visual table 0:79 戦国魔神ゴーショーグン"
"177","ザ","confirmed","visual table 0:72 UFOロボ グレンダイザー"
"178","ジ","confirmed","visual table 0:70 マジンガー"
"179","ズ","confirmed","visual table 0:82 蒼き流星SPTレイズナー"
"182","ダ","confirmed","visual table 0:60 機動戦士ガンダム"
"186","ド","confirmed","visual table 0:83 六神合体ゴッドマーズ"
"187","バ","confirmed","visual table 0:11 クレバス"
"188","ビ","confirmed","visual table 0:19 高層ビル"
"191","ボ","confirmed","visual table 0:72 UFOロボ グレンダイザー"
"192","パ","confirmed","visual UI context コントローラパック"
"195","ペ","confirmed","visual UI context 空きページ"
"197","!","confirmed","visual punctuation; dialogue/title context とべ!グレンダイザー"
"199","”","confirmed","visual emphasis-quote closer; dialogue context <g248>term<g199>"
"202",".","confirmed","visual table 0:166 SE.DJ-1R"
"203","、","confirmed","visual punctuation; dialogue/UI comma context"
"204","。","confirmed","visual punctuation; UI sentence terminator context"
"231","・","confirmed","visual table 0:76 超電磁ロボ コン・バトラーV"
"236","z","confirmed","visual table 0:116 RX-79(G)Ez-8"
"239","→","confirmed","visual UI preview/context 地形→LRZトリガー"
"240","…","confirmed","visual ellipsis; repeated dialogue context"
"241","P","confirmed","visual circled-P suffix icon; attack-name context post-move weapon marker"
"242","B","confirmed","visual circled-B suffix icon; attack-name context beam marker; can co-occur with 241"
"243","射","confirmed","visual attack-type icon; attack-name context ranged weapon prefix"
"244","格","confirmed","visual attack-type icon; attack-name context melee weapon prefix"
"248","“","confirmed","visual emphasis-quote opener; dialogue context <g248>term<g199>"
"249","-","confirmed","visual model-code hyphen in table 0:110-199"
"229","々","confirmed","visual dialogue context 我々"
"318","命","confirmed","visual UI context 命中"
"319","中","confirmed","visual UI context 空中/地中/命中"
"320","回","confirmed","visual UI context 1回だけ"
"362","入","confirmed","visual UI context 名前を入力してください"
"374","球","confirmed","visual/context 地球人/地球圏/球形ミサイル"
"392","気","confirmed","corrected visual/context 気力/必要気力/一気"
"397","力","confirmed","visual UI/text context 気力/大きな力"
"423","方","confirmed","visual dialogue context やめた方が"
"435","大","confirmed","visual text context 大空/大地/大きな力"
"457","闘","confirmed","visual UI context 戦闘"
"528","撃","confirmed","visual title/UI context 出撃"
"568","出","confirmed","visual title/UI context 出撃"
"572","攻","confirmed","visual battle context 攻撃"
"611","名","confirmed","visual UI context 名前"
"650","行","confirmed","visual UI context 戦闘を行う"
"652","様","confirmed","visual dialogue context 貴様"
"690","俺","confirmed","visual dialogue context この俺"
"694","何","confirmed","visual dialogue context 何!?/何だと!?"
"703","我","confirmed","visual dialogue context 我ら/我々"
"756","貴","confirmed","visual dialogue context 貴様"
"831","見","confirmed","visual dialogue context 見えた/見切った"
"904","思","confirmed","visual dialogue context 思うな/思った"
"911","私","confirmed","visual dialogue context この私"
"1028","切","confirmed","visual dialogue context 見切った"
"1037","前","confirmed","visual UI/dialogue context 名前/お前"
"436","将","confirmed","visual/context 暗黒大将軍 and enemy general names"
"437","軍","confirmed","visual/context 暗黒大将軍 and enemy general names"
"446","皇","confirmed","visual/context 皇帝ズール"
"447","帝","confirmed","visual/context 皇帝ズール and ブライ大帝"
"456","小","confirmed","visual/context 第08MS小隊"
"461","王","confirmed","visual/context 宇宙の王者ゴッドマーズ"
"472","隊","confirmed","visual/context 第08MS小隊 and ブラッキー隊長"
"473","長","confirmed","visual/context 隊長 and 大隊長"
"489","島","confirmed","visual/context ランタオ島"
"529","時","confirmed","visual/context 攻撃時/出撃時/時は流れた"
"569","決","confirmed","visual/context 決戦"
"583","上","confirmed","visual/context 上回って/能力を上げます"
"610","用","confirmed","visual/context 使用できません and 用意"
"617","正","confirmed","visual/context 正しい/正々堂々"
"628","来","confirmed","visual/context 敵機襲来 and 来る"
"635","一","confirmed","visual/context 一度だけ/一回だけ"
"640","効","confirmed","visual/context 無効/効果"
"664","意","confirmed","visual/context 用意はいいかい"
"698","果","confirmed","visual/context 効果がありません"
"812","君","confirmed","visual/context 君たち/君の戦い"
"898","使","confirmed","visual/context 使用できません/使っても"
"909","死","confirmed","visual/context 死闘/死神"
"926","捨","confirmed","visual/context 使い捨て"
"929","者","confirmed","visual/context 宇宙の王者/使者"
"938","手","confirmed","visual/context 相手/手に入れた"
"1050","相","confirmed","visual/context 相手"
"1135","度","confirmed","visual/context 一度だけ/程度"
"1136","奴","confirmed","visual/context 奴め/奴ら"
"1141","当","confirmed","visual/context 体当たり"
"1211","聞","confirmed","visual/context 聞こえてきた/聞かせよ"
"361","進","confirmed","visual/context 発進せよ"
"385","性","confirmed","visual/context 運動性"
"407","発","confirmed","visual/context 発進せよ"
"425","改","confirmed","visual/context ザクⅡ改/改めて/改造"
"430","量","confirmed","visual/context 技量が上回って"
"451","銀","confirmed","visual/context 銀河帝国 and 銀河の果て"
"482","女","confirmed","visual/context 女帝ジャネラ"
"508","作","confirmed","visual/context 作戦"
"533","丈","confirmed","visual/context 大丈夫"
"537","部","confirmed","visual/context 部隊"
"555","兵","confirmed","visual/context マップ兵器"
"557","特","confirmed","visual/context 特殊能力/特殊技能"
"558","技","confirmed","visual/context 技量/技能"
"566","味","confirmed","visual/context 味方"
"571","移","confirmed","visual/context 移動力"
"573","能","confirmed","visual/context 特殊能力"
"586","修","confirmed","visual/context 修理"
"587","理","confirmed","visual/context 修理/無理"
"588","造","confirmed","visual/context 改造"
"590","器","confirmed","visual/context 武器/兵器"
"598","本","confirmed","visual/context 本体/本来"
"603","装","confirmed","visual/context 連装ミサイル"
"606","最","confirmed","visual/context 最大HP/出力最大"
"612","射","confirmed","visual/context 射程"
"613","程","confirmed","visual/context 射程/程度"
"619","殊","confirmed","visual/context 特殊能力/特殊技能"
"624","反","confirmed","visual/context 反撃/反応"
"625","応","confirmed","visual/context 反応ロスト"
"634","全","confirmed","visual/context 全体移動モード"
"641","率","confirmed","visual/context 命中率"
"648","終","confirmed","visual/context 終了"
"649","了","confirmed","visual/context 終了"
"660","以","confirmed","visual/context これ以上/ユニット以外"
"707","壊","confirmed","visual/context 破壊"
"713","外","confirmed","visual/context 以外"
"720","確","confirmed","visual/context 接続を確認"
"744","含","confirmed","visual/context 味方含む"
"816","兄","confirmed","visual/context お兄ちゃん"
"846","後","confirmed","visual/context 最後/後攻/後退"
"862","考","confirmed","visual/context 考える"
"873","今","confirmed","visual/context 今こそ/今度こそ"
"912","属","confirmed","visual/context 無属性"
"1016","生","confirmed","visual/context 生と死/生命"
"1058","増","confirmed","visual/context 増えます"
"1075","対","confirmed","visual/context 対決/対ビーム"
"1097","知","confirmed","visual/context 思い知る/恐れを知らぬ"
"1114","通","confirmed","visual/context 通用/思った通り"
"1159","認","confirmed","visual/context 確認"
"1168","破","confirmed","visual/context 破壊/撃破"
"1186","彼","confirmed","visual/context 彼ら"
"1196","夫","confirmed","visual/context 大丈夫"
"1230","砲","confirmed","visual/context バルカン砲"
"1237","僕","confirmed","visual/context 僕の方が/僕に力を"
"1277","与","confirmed","visual/context ダメージを与えます"
"1285","落","confirmed","visual/context 落ちる/落ちろ"
"1306","連","confirmed","visual/context 連装ミサイル"
"1473","河","confirmed","visual/context 銀河帝国 and 銀河の果て"
"1639","倍","confirmed","visual/context 2倍"
"316","固","confirmed","visual/context 固有/固定-like contexts"
"317","御","confirmed","visual/context 制御回路/姿勢制御/制御室"
"321","復","confirmed","visual/context 回復"
"378","自","confirmed","visual/context 自爆/自分"
"444","甲","confirmed","visual/context 装甲"
"471","佐","confirmed","visual/context 大佐/中佐"
"579","変","confirmed","visual/context 変形"
"580","形","confirmed","visual/context 変形"
"584","分","confirmed","visual/context 自分/HP分/分離"
"585","離","confirmed","visual/context 分離/射程距離外"
"597","話","confirmed","visual/context 話ができる/お話中"
"654","悪","confirmed","visual/context 悪意/悪しき/悪かった"
"693","下","confirmed","visual/context 能力を下げます/落下"
"706","解","confirmed","visual/context 理解/了解"
"782","距","confirmed","visual/context 射程距離外"
"915","事","confirmed","visual/context どういう事/たいした事"
"1040","狙","confirmed","visual/context 狙ってきます"
"1294","隣","confirmed","visual/context 隣接"
"363","不","confirmed","visual/context 不可能/不利"
"387","信","confirmed","visual/context 信じる"
"388","頼","confirmed","visual/context 頼む/頼り"
"402","覚","confirmed","visual/context 覚えた/覚悟"
"420","変","confirmed","visual/context 変化なし/変だ"
"470","場","confirmed","visual/context 場合/戦場"
"480","早","confirmed","visual/context 早い/早かった"
"483","博","confirmed","visual/context 博士"
"499","向","confirmed","visual/context 方向/向いて"
"516","勝","confirmed","visual/context 勝てない/勝ち"
"518","子","confirmed","visual/context 粒子砲"
"532","万","confirmed","visual/context 万丈/万事/万が一"
"577","待","confirmed","visual/context 待ちなさい/待って"
"591","強","confirmed","visual/context 強化L1"
"614","弾","confirmed","visual/context 弾切れ/被弾状況"
"639","的","confirmed","visual/context 作戦目的/的確"
"642","目","confirmed","visual/context 作戦目的/勝ち目"
"643","利","confirmed","visual/context 勝利/不利"
"668","違","confirmed","visual/context 違う/間違い"
"705","会","confirmed","visual/context お会いする/また会おう"
"731","感","confirmed","visual/context 感じる"
"771","急","confirmed","visual/context 急げ"
"790","況","confirmed","visual/context 被弾状況"
"824","圏","confirmed","visual/context 地球圏/大気圏"
"836","現","confirmed","visual/context 出現/現れた"
"837","言","confirmed","visual/context 言ってる/と言う"
"878","尉","confirmed","visual/context 大尉/中尉"
"891","殺","confirmed","visual/context 殺す/殺して"
"919","持","confirmed","visual/context 持つ/持たない"
"942","受","confirmed","visual/context 受け入れよ"
"962","緒","confirmed","visual/context 一緒"
"969","少","confirmed","visual/context 少し/少女"
"986","状","confirmed","visual/context 被弾状況"
"996","心","confirmed","visual/context 心配/心得/安心/中心地"
"1085","誰","confirmed","visual/context 誰にも/誰が"
"1093","団","confirmed","visual/context 軍団/BF団"
"1138","倒","confirmed","visual/context 倒せる/倒さず"
"1146","逃","confirmed","visual/context 逃げる"
"1149","同","confirmed","visual/context 同じ/同時"
"1174","配","confirmed","visual/context 支配下"
"1202","負","confirmed","visual/context 負ける"
"1251","滅","confirmed","visual/context 全滅/破滅"
"1258","問","confirmed","visual/context 問答無用/問題"
"364","可","confirmed","visual/context 可能/不可能"
"412","情","confirmed","visual/context 情けない/情報"
"414","再","confirmed","visual/context 再動/再び/再来"
"421","化","confirmed","visual/context 変化なし/強化"
"502","明","confirmed","visual/context 明日/説明/明神/孔明/不明機"
"534","結","confirmed","visual/context 結果"
"544","児","confirmed","visual/context 甲児"
"605","界","confirmed","visual/context 世界/限界"
"629","備","confirmed","visual/context 装備"
"667","異","confirmed","visual/context 異常"
"712","開","confirmed","visual/context 開始/開け"
"729","完","confirmed","visual/context 完全回避/完了"
"754","帰","confirmed","visual/context 帰る/帰さぬ"
"781","許","confirmed","visual/context 許さん/許せない"
"804","近","confirmed","visual/context 近づく"
"850","光","confirmed","visual/context 光子力/破壊光線/熱光線"
"887","在","confirmed","visual/context 存在/健在/自在"
"888","財","confirmed","visual/context ロームフェラ財団"
"901","始","confirmed","visual/context 始動/始める"
"906","支","confirmed","visual/context 支配下"
"923","失","confirmed","visual/context 失敗/失礼/消え失せろ"
"925","実","confirmed","visual/context 実力/実戦"
"937","守","confirmed","visual/context 守る"
"961","所","confirmed","visual/context こんな所/お望みの所"
"964","助","confirmed","visual/context 助けて"
"982","乗","confirmed","visual/context 乗る/同乗者"
"1008","世","confirmed","visual/context 世界"
"1010","成","confirmed","visual/context 成功/賛成/完成/達成"
"1069","存","confirmed","visual/context 生存"
"1071","他","confirmed","visual/context 他の武器/他に"
"1079","代","confirmed","visual/context 代わりに/時代"
"1080","題","confirmed","visual/context 問題"
"1082","叩","confirmed","visual/context 叩きつぶす"
"1101","着","confirmed","visual/context 落ち着け/装着/決着"
"1109","追","confirmed","visual/context 追撃"
"1113","追","confirmed","visual/context 追う/追い詰める"
"1167","派","confirmed","visual/context 流派/派手"
"1208","物","confirmed","visual/context 生物/建物"
"1216","別","confirmed","visual/context 特別/無差別/性別/別れ"
"1226","報","confirmed","visual/context 報告/情報"
"1228","放","confirmed","visual/context 火炎放射器/放っておけ/地球解放戦線機構"
"1244","未","confirmed","visual/context 未来"
"1287","立","confirmed","visual/context 立つ/立てる"
"1311","和","confirmed","visual/context 平和"
"355","線","confirmed","visual chart/context 線路/水平線/防衛線"
"522","員","confirmed","visual chart/context 全員/戦闘員"
"863","降","confirmed","visual chart/context 急降下/降伏"
"1095","男","confirmed","visual chart/context 男なら/最強の男"
"498","日","confirmed","visual chart/context 今日/流星が落ちた日"
"1161","念","confirmed","visual chart/context 残念/観念"
"1160","年","confirmed","visual chart/context 100年早い"
"854","好","confirmed","visual chart/context 好き勝手"
"1046","想","confirmed","visual chart/context 理想/予想"
"599","調","confirmed","visual chart/context 調べる/調子/調整"
"438","真","confirmed","visual chart/context 真・ゲッター/真マッハ"
"593","数","confirmed","visual chart/context 弾数/ターン数"
"1236","望","confirmed","visual chart/context 望む/希望/お望み"
"908","止","confirmed","visual chart/context 止める/停止"
"743","関","confirmed","visual chart/context 対空機関砲"
"839","呼","confirmed","visual chart/context 呼ぶ/お呼び"
"1200","姉","confirmed","visual chart/context 姉さん/お姉さま/姉上"
"395","運","confirmed","visual chart/context 運動性/運命"
"424","敗","confirmed","visual chart/context 失敗"
"747","危","confirmed","visual chart/context 危ない/危なかった"
"746","願","confirmed","visual chart/context お願い/願おう"
"1049","争","confirmed","visual chart/context 戦争/争い"
"570","定","confirmed","visual chart/context 決定/設定; duplicate slot"
"1098","置","confirmed","visual chart/context 修理装置"
"582","得","confirmed","visual chart/context 得る/得意/説得"
"541","葉","confirmed","visual chart/context 葉月博士/言葉"
"449","令","confirmed","visual chart/context 命令/指令"
"1072","多","confirmed","visual chart/context 多弾頭/多連"
"510","介","confirmed","visual chart/context 大介/宇門大介"
"1094","対","confirmed","visual chart/context 対空砲; duplicate slot"
"383","集","confirmed","visual chart/context 集中/集束"
"936","取","confirmed","visual chart/context 取る/受け取る/手間取る"
"762","義","confirmed","visual chart/context 正義/主義/大義"
"401","身","confirmed","visual chart/context 分身/自身; duplicate slot"
"627","制","confirmed","visual chart/context 制限/制御/強制"
"959","準","confirmed","visual chart/context 準備"
"905","指","confirmed","visual chart/context 指定/指令"
"670","引","confirmed","visual chart/context 引きあげる/長引く"
"616","消","confirmed","visual chart/context 消す/消費/消滅"
"1030","絶","confirmed","visual chart/context 絶える/絶望/絶対"
"1077","態","confirmed","visual chart/context 状態/事態/実態"
"770","休","confirmed","visual chart/context 休止/休む"
"1039","然","confirmed","visual chart/context 当然/全然/同然"
"931","邪","confirmed","visual chart/context 邪魔"
"633","内","confirmed","visual chart/context 以内/括弧内/射程内"
"807","苦","confirmed","visual chart/context 苦しい/苦しみ/ご苦労"
"1257","戻","confirmed","visual chart/context 戻る/戻って"
"536","羅","confirmed","visual chart/context 結城沙羅/沙羅"
"604","限","confirmed","visual chart/context 限界/限り"
"1012","整","confirmed","visual chart/context 調整/整備/整う"
"1295","類","confirmed","visual chart/context 人類/種類"
"523","諸","confirmed","visual chart/context 諸君"
"497","官","confirmed","visual chart/context 士官/長官/司令官"
"1123","撤","confirmed","visual chart/context 撤退"
"429","型","confirmed","visual chart/context 量産型/大型/小型"
"865","刻","confirmed","visual chart/context 一刻/切り刻む"
"1323","師","confirmed","visual chart/context 師匠"
"562","次","confirmed","visual chart/context 次のマップ/次で決まり"
"1009","勢","confirmed","visual chart/context 情勢/軍勢/勢い"
"1256","黙","confirmed","visual chart/context 黙って/黙れ"
"410","乱","confirmed","visual chart/context 反乱/混乱/かく乱"
"592","総","confirmed","visual chart/context 総攻撃/総員"
"1065","足","confirmed","visual chart/context 足りない/不足/足手まとい"
"232","m","confirmed","visual chart/context 120mm/50mm"
"738","甘","confirmed","visual chart/context 甘い"
"965","除","confirmed","visual chart/context 除く/排除"
"656","圧","confirmed","visual chart/context 圧倒的/制圧"
"954","重","confirmed","visual chart/context 反重力"
"247","ヴ","confirmed","visual chart/context ヴォイス/ヴァルキュリア"
"596","第","confirmed","visual chart/context 第08MS小隊/第一"
"860","構","confirmed","visual chart/context 構わん/構え/機構"
"935","主","confirmed","visual chart/context 主砲/主義"
"1284","絡","confirmed","visual chart/context 連絡"
"535","沙","confirmed","visual chart/context 結城沙羅"
"786","協","confirmed","visual chart/context 協力"
"847","悟","confirmed","visual chart/context 覚悟"
"396","脱","confirmed","visual chart/context 脱出"
"1275","予","confirmed","visual chart/context 予想/予測/最優先"
"998","申","confirmed","visual chart/context 申しわけ/申し上げる"
"1286","裏","confirmed","visual chart/context 裏切り"
"823","迎","confirmed","visual chart/context 迎え撃つ/迎撃"
"1220","返","confirmed","visual chart/context 返す/お返し/引き返す"
"651","設","confirmed","visual chart/context 設定/設計"
"716","各","confirmed","visual chart/context 各部/各砲"
"1102","仲","confirmed","visual chart/context 仲間"
"487","馬","confirmed","visual chart/context 司馬/流竜馬"
"381","加","confirmed","visual chart/context 追加/手加減"
"500","飛","confirmed","visual chart/context 飛行/飛べる"
"540","忍","confirmed","visual chart/context 藤原忍"
"967","匠","confirmed","visual chart/context 師匠"
"984","嬢","confirmed","visual chart/context お嬢様"
"1099","遅","confirmed","visual chart/context 遅い/遅すぎる"
"563","順","confirmed","visual chart/context 順調/手順"
"955","銃","confirmed","visual chart/context 機銃/銃身"
"695","価","confirmed","visual chart/context 価値/評価"
"1112","墜","confirmed","visual chart/context 撃墜/墜落"
"1147","頭","confirmed","visual chart/context 多弾頭/頭が痛い"
"1181","半","confirmed","visual chart/context 半分/半端/半日"
"1269","優","confirmed","visual chart/context 優先/優秀/優れる"
"1031","先","confirmed","visual chart/context 先生/優先/先攻"
"1665","遣","confirmed","visual chart/context 先遣/派遣"
"1064","測","confirmed","visual chart/context 予測/観測"
"948","秀","confirmed","visual chart/context 優秀"
"1191","美","confirmed","visual chart/context 美しい/美人"
"1516","抱","confirmed","visual chart/context 抱えて"
"673","噂","confirmed","visual chart/context 噂/噂通り"
"810","遇","confirmed","visual chart/context 遭遇"
"913","試","confirmed","visual chart/context 試作機/試す"
"921","耳","confirmed","visual chart/context 聞く耳/お耳"
"943","収","confirmed","visual chart/context 回収/収集"
"1078","退","confirmed","visual chart/context 撤退/退避/後退"
"1261","野","confirmed","visual chart/context 野望/野郎"
"1235","忘","confirmed","visual chart/context 忘れる/忘れぬ"
"1298","礼","confirmed","visual chart/context 礼/無礼/洗礼"
"441","鬼","confirmed","visual chart/context 百鬼/メカ鬼"
"1086","単","confirmed","visual chart/context 簡単/単純"
"626","組","confirmed","visual chart/context 組み合わせ/組織"
"1401","限","confirmed","visual chart/context 刻限; duplicate slot"
"546","教","confirmed","visual chart/context 教えてやろう"
"866","告","confirmed","visual chart/context 報告/勧告"
"1096","談","confirmed","visual chart/context 冗談/会談"
"1153","突","confirmed","visual chart/context 突入/突破/突撃"
"960","初","confirmed","visual chart/context 最初/初めて"
"622","格","confirmed","visual chart/context 格闘"
"315","活","confirmed","visual chart/context 復活/活動/活発"
"623","避","confirmed","visual chart/context 回避/退避"
"1290","粒","confirmed","visual chart/context 粒子"
"722","殿","confirmed","visual chart/context 殿下"
"1271","由","confirmed","visual chart/context 理由/不自由"
"820","計","confirmed","visual chart/context 設計/計算/合計"
"1158","任","confirmed","visual chart/context 任務/任せろ"
"564","表","confirmed","visual chart/context 表示/代表"
"1074","駄","confirmed","visual chart/context 無駄"
"630","選","confirmed","visual chart/context 選択"
"757","起","confirmed","visual chart/context 起こす/起動"
"1262","役","confirmed","visual chart/context 役に立つ"
"377","形","confirmed","visual chart/context 変形/地形; duplicate slot"
"658","安","confirmed","visual chart/context 安定/安全/安心"
"808","愚","confirmed","visual chart/context 愚か"
"832","険","confirmed","visual chart/context 危険"
"752","期","confirmed","visual chart/context 期待/最期"
"556","精","confirmed","visual chart/context 精神"
"1142","答","confirmed","visual chart/context 問答/答えなさい"
"1154","届","confirmed","visual chart/context 届かない"
"852","口","confirmed","visual chart/context 大口径"
"1296","例","confirmed","visual chart/context 例の"
"1330","遠","confirmed","visual chart/context 遠距離/遠すぎる"
"644","件","confirmed","visual chart/context 条件/件/用件"
"777","去","confirmed","visual chart/context 去る/去れ"
"788","恐","confirmed","visual chart/context 恐怖/恐ろしい"
"1087","探","confirmed","visual chart/context 探す/探る"
"207",":","confirmed","visual chart/context UI colon"
"465","公","confirmed","visual chart/context 主人公/公国"
"983","冗","confirmed","visual chart/context 冗談"
"581","説","confirmed","visual chart/context 説得/説明"
"849","交","confirmed","visual chart/context 交戦/交渉/絶交"
"857","抗","confirmed","visual chart/context 抵抗"
"1054","送","confirmed","visual chart/context 送る/輸送"
"702","過","confirmed","visual chart/context 経過/過重/過ぎる"
"815","係","confirmed","visual chart/context 関係/無関係/係員"
"680","援","confirmed","visual chart/context 応援/支援/援護"
"1310","郎","confirmed","visual chart/context 野郎"
"1615","夢","confirmed","visual chart/context 悪夢/夢"
"1171","排","confirmed","visual chart/context 排除"
"893","参","confirmed","visual chart/context 参る/参加/参入"
"426","百","confirmed","visual chart/context 百鬼"
"958","准","confirmed","visual chart/context 准将"
"1144","討","confirmed","visual chart/context 討つ/討伐"
"559","経","confirmed","visual chart/context 経験値/経過"
"560","験","confirmed","visual chart/context 経験値/実験"
"561","値","confirmed","visual chart/context 経験値/基本値/価値"
"631","択","confirmed","visual chart/context 選択"
"704","画","confirmed","visual chart/context 画面/計画"
"323","空","confirmed","visual table 0:30 宇宙空間"
"325","地","confirmed","visual table 0:3 and 0:5"
"326","宇","confirmed","visual table 0:30 宇宙空間"
"327","宙","confirmed","visual table 0:30 宇宙空間"
"328","平","confirmed","visual table 0:0"
"329","原","confirmed","visual table 0:0"
"330","林","confirmed","visual table 0:2"
"331","砂","confirmed","visual table 0:3 and 0:4"
"332","漠","confirmed","visual table 0:4"
"333","荒","confirmed","visual table 0:5"
"334","被","confirmed","visual table 0:6 被爆地"
"335","爆","confirmed","visual table 0:6 被爆地 and 自爆"
"336","山","confirmed","visual table 0:7"
"337","岩","confirmed","visual table 0:8"
"338","高","confirmed","visual table 0:19"
"340","空","confirmed","visual table 0:10"
"341","斜","confirmed","visual table 0:9 斜面"
"342","面","confirmed","visual table 0:9 斜面; table 0:36 月面都市"
"343","海","confirmed","visual table 0:12"
"344","川","confirmed","visual table 0:13"
"345","湖","confirmed","visual table 0:14"
"346","沼","confirmed","visual table 0:15"
"347","深","confirmed","visual table 0:16"
"348","浅","confirmed","visual table 0:17"
"349","瀬","confirmed","visual table 0:17"
"350","橋","confirmed","visual table 0:18"
"351","層","confirmed","visual table 0:19 高層ビル"
"352","道","confirmed","visual table 0:20 道路"
"353","路","confirmed","visual table 0:20 道路"
"356","残","confirmed","visual table 0:23 残骸"
"357","骸","confirmed","visual table 0:23 残骸"
"358","基","confirmed","visual table 0:25 基地"
"359","床","confirmed","visual table 0:27 床"
"360","壁","confirmed","visual table 0:28 壁"
"386","必","confirmed","visual UI context 空きページが必要です"
"393","合","confirmed","visual table 0:83 六神合体ゴッドマーズ"
"365","間","confirmed","visual table 0:30 宇宙空間"
"366","暗","confirmed","visual table 0:31 暗礁空域"
"367","礁","confirmed","visual table 0:31 暗礁空域"
"368","域","confirmed","visual table 0:31 暗礁空域"
"369","月","confirmed","visual table 0:36 月面都市"
"370","都","confirmed","visual table 0:36 月面都市"
"371","市","confirmed","visual table 0:36 月面都市"
"415","動","confirmed","visual table 0:60 機動戦士ガンダム"
"428","戦","confirmed","visual table 0:60 機動戦士ガンダム"
"445","体","confirmed","visual table 0:83 六神合体ゴッドマーズ"
"454","新","confirmed","visual table 0:69 新機動戦記ガンダムW"
"458","闘","confirmed","visual table 0:68 機動武闘伝"
"459","超","confirmed","visual table 0:76 超電磁ロボ コン・バトラーV"
"460","獣","confirmed","visual table 0:81 超獣機神ダンクーガ"
"484","士","confirmed","visual table 0:60 機動戦士ガンダム"
"477","神","confirmed","visual table 0:79 戦国魔神ゴーショーグン"
"479","人","confirmed","visual table 0:77 無敵超人 ザンボット3"
"486","流","confirmed","visual table 0:82 蒼き流星SPTレイズナー"
"419","森","confirmed","visual table 0:1"
"567","敵","confirmed","visual table 0:77 無敵超人 ザンボット3"
"578","機","confirmed","visual table 0:60 機動戦士ガンダム"
"589","武","confirmed","visual table 0:68 機動武闘伝"
"600","記","confirmed","visual table 0:69 新機動戦記"
"615","要","confirmed","visual UI context 空きページが必要です"
"621","無","confirmed","visual table 0:77 無敵超人 ザンボット3"
"767","逆","confirmed","visual table 0:90 逆襲のシャア"
"867","国","confirmed","visual table 0:79 戦国魔神ゴーショーグン"
"949","襲","confirmed","visual table 0:90 逆襲のシャア"
"1013","星","confirmed","visual table 0:82 蒼き流星SPTレイズナー"
"1052","蒼","confirmed","visual table 0:82 蒼き流星SPTレイズナー"
"686","押","confirmed","visual UI context Aボタンを押してください"
"1029","接","confirmed","visual UI context コントローラパックが接続されていません"
"1068","続","confirmed","visual UI context コントローラパックが接続されていません"
"1128","伝","confirmed","visual table 0:68 機動武闘伝"
"1130","電","confirmed","visual table 0:76 超電磁ロボ コン・バトラーV"
"1239","魔","confirmed","visual table 0:79 戦国魔神ゴーショーグン"
"1420","磁","confirmed","visual table 0:76 超電磁ロボ コン・バトラーV"
"1461","聖","confirmed","visual table 0:80 聖戦士ダンバイン"
"1876","六","confirmed","visual table 0:83 六神合体ゴッドマーズ"
"1898","鋼","confirmed","visual table 0:78 無敵鋼人 ダイターン3"
"83","ぁ","confirmed","visual 8x14 kana chart"
"84","ぃ","confirmed","visual 8x14 kana chart"
"85","ぅ","confirmed","visual 8x14 kana chart"
"86","ぇ","confirmed","visual 8x14 kana chart"
"87","ぉ","confirmed","visual 8x14 kana chart"
"88","っ","confirmed","visual 8x14 kana chart; UI context せってい"
"89","ゃ","confirmed","visual 8x14 kana chart; text context 射撃=しゃげき"
"90","ゅ","confirmed","visual 8x14 kana chart; text context 集束M=しゅうそくM"
"91","ょ","confirmed","visual 8x14 kana chart; debug text context 座標/表示"
"93","ぎ","confirmed","visual 8x14 kana chart"
"94","ぐ","confirmed","visual 8x14 kana chart"
"95","げ","confirmed","visual 8x14 kana chart"
"96","ご","confirmed","visual 8x14 kana chart"
"97","ざ","confirmed","visual 8x14 kana chart"
"98","じ","confirmed","visual 8x14 kana chart"
"99","ず","confirmed","visual 8x14 kana chart"
"100","ぜ","confirmed","visual 8x14 kana chart"
"101","ぞ","confirmed","visual 8x14 kana chart"
"103","ぢ","confirmed","visual 8x14 kana chart"
"104","づ","confirmed","visual 8x14 kana chart"
"106","ど","confirmed","visual 8x14 kana chart"
"107","ば","confirmed","visual 8x14 kana chart"
"108","び","confirmed","visual 8x14 kana chart"
"109","ぶ","confirmed","visual 8x14 kana chart"
"110","べ","confirmed","visual 8x14 kana chart"
"111","ぼ","confirmed","visual 8x14 kana chart"
"112","ぱ","confirmed","visual 8x14 kana chart"
"113","ぴ","confirmed","visual 8x14 kana chart"
"114","ぷ","confirmed","visual 8x14 kana chart"
"115","ぺ","confirmed","visual 8x14 kana chart"
"116","ぽ","confirmed","visual 8x14 kana chart"
"119","ウ","confirmed","visual 8x14 kana chart"
"120","エ","confirmed","visual 8x14 kana chart"
"122","カ","confirmed","visual 8x14 kana chart"
"123","キ","confirmed","visual 8x14 kana chart"
"125","ケ","confirmed","visual 8x14 kana chart"
"127","サ","confirmed","visual 8x14 kana chart"
"130","セ","confirmed","visual 8x14 kana chart"
"131","ソ","confirmed","visual 8x14 kana chart"
"133","チ","confirmed","visual 8x14 kana chart"
"134","ツ","confirmed","visual 8x14 kana chart"
"135","テ","confirmed","visual 8x14 kana chart"
"138","ニ","confirmed","visual 8x14 kana chart"
"139","ヌ","confirmed","visual 8x14 kana chart"
"140","ネ","confirmed","visual 8x14 kana chart"
"141","ノ","confirmed","visual 8x14 kana chart"
"142","ハ","confirmed","visual 8x14 kana chart"
"143","ヒ","confirmed","visual 8x14 kana chart"
"144","フ","confirmed","visual 8x14 kana chart"
"145","ヘ","confirmed","visual 8x14 kana chart"
"146","ホ","confirmed","visual 8x14 kana chart"
"148","ミ","confirmed","visual 8x14 kana chart"
"150","メ","confirmed","visual 8x14 kana chart"
"151","モ","confirmed","visual 8x14 kana chart"
"152","ヤ","confirmed","visual 8x14 kana chart"
"153","ユ","confirmed","visual 8x14 kana chart"
"154","ヨ","confirmed","visual 8x14 kana chart"
"160","ワ","confirmed","visual 8x14 kana chart"
"161","ヲ","confirmed","visual 8x14 kana chart"
"163","ァ","confirmed","visual 8x14 kana chart"
"164","ィ","confirmed","visual 8x14 kana chart"
"165","ゥ","confirmed","visual 8x14 kana chart"
"166","ェ","confirmed","visual 8x14 kana chart"
"167","ォ","confirmed","visual 8x14 kana chart"
"170","ュ","confirmed","visual 8x14 kana chart"
"173","ギ","confirmed","visual 8x14 kana chart"
"180","ゼ","confirmed","visual 8x14 kana chart"
"181","ゾ","confirmed","visual 8x14 kana chart"
"183","ヂ","confirmed","visual 8x14 kana chart"
"184","ヅ","confirmed","visual 8x14 kana chart"
"185","デ","confirmed","visual 8x14 kana chart"
"189","ブ","confirmed","visual 8x14 kana chart"
"190","ベ","confirmed","visual 8x14 kana chart"
"193","ピ","confirmed","visual 8x14 kana chart"
"194","プ","confirmed","visual 8x14 kana chart"
"196","ポ","confirmed","visual 8x14 kana chart"
"390","熱","confirmed","visual/context 熱血/爆熱"
"391","血","confirmed","visual/context 熱血/赤き血/血祭り"
"404","補","confirmed","visual/context 補正/補給"
"413","愛","confirmed","visual/context 愛"
"417","跡","confirmed","visual/context 足跡/追跡/夢の跡"
"422","東","confirmed","visual/context 東方不敗/中東"
"448","司","confirmed","visual/context 司令官/司馬"
"463","元","confirmed","visual/context 元/足元/地球大元帥"
"466","炎","confirmed","visual/context 火炎放射器"
"494","伊","confirmed","visual/context 伊達"
"506","豹","confirmed","visual/context 豹馬"
"554","五","confirmed","visual/context 五飛"
"565","示","confirmed","visual/context 表示"
"594","資","confirmed","visual/context 資金/資質/物資"
"662","囲","confirmed","visual/context 範囲/包囲/囲い込め"
"669","遺","confirmed","visual/context 遺跡/遺物/遺志"
"677","衛","confirmed","visual/context 防衛/衛星/親衛隊"
"696","家","confirmed","visual/context 国家/公爵家"
"699","火","confirmed","visual/context 火炎放射器/消火/戦火"
"710","皆","confirmed","visual/context 皆様/皆殺し"
"717","拡","confirmed","visual/context 拡散粒子弾/拡散バズーカ"
"724","楽","confirmed","visual/context 楽しみ/楽に"
"740","簡","confirmed","visual/context 簡単"
"742","観","confirmed","visual/context 観念/観測"
"750","揮","confirmed","visual/context 指揮/指揮官"
"772","救","confirmed","visual/context 救出/救助/救われた"
"779","拠","confirmed","visual/context 拠点/占拠"
"795","興","confirmed","visual/context 興味/復興"
"799","局","confirmed","visual/context 結局/中継局"
"827","拳","confirmed","visual/context 石破天驚拳/シャッフル同盟拳"
"841","己","confirmed","visual/context 自己/己"
"848","護","confirmed","visual/context 援護"
"877","混","confirmed","visual/context 混乱"
"894","散","confirmed","visual/context 散開/生命、散って/拡散"
"897","仕","confirmed","visual/context 仕方/仕掛ける/仕留める"
"903","志","confirmed","visual/context 同志/意志/遺志"
"916","似","confirmed","visual/context 真似"
"957","術","confirmed","visual/context 戦術"
"966","傷","confirmed","visual/context 負傷/損傷/手傷"
"988","織","confirmed","visual/context 組織"
"993","侵","confirmed","visual/context 侵入"
"1083","達","confirmed","visual/context 到達/俺達/伊達"
"1118","弟","confirmed","visual/context 弟/兄弟"
"1124","天","confirmed","visual/context 天馬/天王/石破天驚拳"
"1127","点","confirmed","visual/context 地点/拠点"
"1143","到","confirmed","visual/context 到達/到着"
"1157","難","confirmed","visual/context 避難/難題/難しい"
"1217","片","confirmed","visual/context 片づける/片付く/破片"
"1221","保","confirmed","visual/context 確保/保つ"
"1247","民","confirmed","visual/context 市民/民意"
"1248","務","confirmed","visual/context 任務"
"1276","余","confirmed","visual/context 余裕/余計"
"1308","労","confirmed","visual/context 苦労/ご苦労様"
"1312","腕","confirmed","visual/context 腕/腕部"
"1497","姿","confirmed","visual/context 姿/姿勢"
"1600","継","confirmed","visual/context 継続/後継機"
"1752","陛","confirmed","visual/context 陛下"
"389","鉄","confirmed","visual/context 鉄壁/メカ鉄甲鬼"
"405","給","confirmed","visual/context 補給"
"934","弱","confirmed","visual/context 弱点/弱い"
"214","＝","confirmed","visual/context name separator アル＝イー＝クイス"
"380","察","confirmed","visual/context 偵察/観察/国際警察機構"
"382","速","confirmed","visual/context 加速/速射"
"394","幸","confirmed","visual/context 幸運/幸せ"
"399","魂","confirmed","visual/context 熱き魂/魂よ"
"400","隠","confirmed","visual/context 隠れ身/隠し腕/逃げ隠れ"
"427","式","confirmed","visual/context 百式/有線式"
"443","剣","confirmed","visual/context 剣攻撃/真・流星胡蝶剣/銃剣"
"452","鈴","confirmed","visual/context 銀鈴"
"468","球","confirmed","visual/context 地球/月は地球だ"
"551","二","confirmed","visual/context 二段返し/二連装"
"575","MAP","confirmed","visual special glyph MAP weapon marker"
"607","段","confirmed","visual/context 二段返し/手段"
"663","威","confirmed","visual/context 脅威/威力/威嚇/示威"
"714","害","confirmed","visual/context 被害/障害"
"745","顔","confirmed","visual/context 顔に書いてある/顔を見る"
"775","究","confirmed","visual/context 研究"
"821","警","confirmed","visual/context 警告/警戒/国際警察機構"
"825","嫌","confirmed","visual/context 嫌い/ご機嫌"
"826","建","confirmed","visual/context 建物/建設/再建"
"830","研","confirmed","visual/context 研究"
"871","込","confirmed","visual/context 差し込む/読み込み/突っ込む"
"872","頃","confirmed","visual/context その頃/今頃/終わる頃"
"874","困","confirmed","visual/context 困る/困らせる"
"885","細","confirmed","visual/context 小細工/DG細胞/単細胞"
"886","際","confirmed","visual/context 実際/国際警察機構/侵略を受けた際"
"896","賛","confirmed","visual/context 賛成"
"902","姉","confirmed","visual/context お姉ちゃん/姉さん"
"920","治","confirmed","visual/context 自治/治安"
"930","謝","confirmed","visual/context 感謝"
"952","従","confirmed","visual/context 従う/従順/従える"
"970","承","confirmed","visual/context 承知"
"985","常","confirmed","visual/context 異常/正常"
"990","触","confirmed","visual/context 触手/触れる"
"1023","昔","confirmed","visual/context 昔の記憶/昔の知り合い"
"1027","赤","confirmed","visual/context 赤子/真っ赤"
"1061","息","confirmed","visual/context 安息/息の根/息子/一息"
"1084","奪","confirmed","visual/context 奪いとる/強奪/奪われた"
"1133","渡","confirmed","visual/context 引導を渡す"
"1139","投","confirmed","visual/context 投下/投げキッス/投降"
"1150","導","confirmed","visual/context 導く/引導/指導"
"1180","反","confirmed","visual/context 反対"
"1193","標","confirmed","visual/context 目標"
"1210","文","confirmed","visual/context 文句"
"1222","捕","confirmed","visual/context 捕捉/捕まえた"
"1229","法","confirmed","visual/context 拳法/戦法/方法/正攻法"
"1231","邦","confirmed","visual/context 連邦軍"
"1232","亡","confirmed","visual/context 死亡/亡き者/亡くなる"
"1249","娘","confirmed","visual/context ドーリアンの娘/さやかの娘"
"1263","測","confirmed","visual/context 予測"
"1272","裕","confirmed","visual/context 余裕"
"1281","容","confirmed","visual/context 容赦"
"1288","略","confirmed","visual/context 侵略/攻略"
"1297","反","confirmed","visual/context 反陽子"
"1372","白","confirmed","visual/context 面白い/面白味"
"1374","悲","confirmed","visual/context 悲しみ/悲しき"
"1397","良","confirmed","visual/context 良い/良かった/良き"
"1418","斬","confirmed","visual/context オーラ斬り"
"1597","還","confirmed","visual/context 帰還"
"1630","統","confirmed","visual/context 統一/系統/伝統"
"851","功","confirmed","visual/context 成功"
"861","紅","confirmed","visual/context 新鮮な紅茶 + external move-name context 帰山笑紅塵"
"384","根","confirmed","visual/context 息の根/根性"
"491","北","confirmed","visual/context 敗北条件/北条真吾/南原ちずる"
"509","南","confirmed","visual/context 南原ちずる/南無三/南方"
"512","十","confirmed","visual/context 十分/十傑集/十二王方牌"
"520","級","confirmed","visual/context 超級覇王電影弾/A級市民/第一級"
"521","工","confirmed","visual/context 細工/工作/工作員"
"527","衝","confirmed","visual/context 衝撃波/衝撃のアルベルト"
"530","波","confirmed","visual/context 衝撃波/熱波/第2波"
"620","有","confirmed","visual/context 有線/有効/有り得ない"
"632","能力","confirmed","visual UI preview/context ユニット能力/パイロット能力"
"674","影","confirmed","visual/context 影も形もない/影響/敵影/電影弾"
"763","議","confirmed","visual/context 会議/不思議/異議"
"796","響","confirmed","visual/context 影響/悪影響"
"798","業","confirmed","visual/context 作業/修業/自業自得"
"805","句","confirmed","visual/context 文句"
"833","厳","confirmed","corrected from 激; visual/context 厳しい/厳罰/尊厳"
"883","済","confirmed","visual/context 行動済み"
"927","赦","confirmed","visual/context 容赦"
"991","食","confirmed","visual/context 食い止める/食べる/食事"
"994","唇","confirmed","mr-blade scenario corpus/context 奪われた唇のおかえしよ"
"999","親","confirmed","visual/context 親/親衛隊/親切"
"1032","占","confirmed","visual/context 占領/占拠"
"1036","鮮","confirmed","visual/context 新鮮な紅茶"
"1048","操","confirmed","visual/context 操る/操縦/操作"
"1053","走","confirmed","visual/context 走れ/走って/脱走兵"
"1063","束","confirmed","visual/context 集束/収束"
"1100","茶","confirmed","visual/context お茶/無茶"
"1119","抵","confirmed","visual/context 抵抗"
"1137","怒","confirmed","visual/context 怒り/怒らせる"
"1163","納","confirmed","visual/context 納得/格納庫"
"1166","覇","confirmed","visual/context 超級覇王電影弾/天馬覇王/武機覇拳流"
"1173","生","confirmed","visual/context 先生"
"1274","遊","confirmed","visual/context 遊び/遊んで"
"1292","領","confirmed","visual/context 占領軍/占領した"
"1386","胞","confirmed","visual/context DG細胞/単細胞"
"1398","論","confirmed","visual/context 異論/結論/正論/方法論"
"1404","液","confirmed","visual attack preview/context 溶解液"
"1407","荷","confirmed","visual/context 集束荷電粒子砲/負荷"
"1414","胡","confirmed","visual/context 真・流星胡蝶剣"
"1421","錫","confirmed","attack list/context 錫杖"
"1422","杖","confirmed","attack list/context 錫杖"
"1425","雪","confirmed","visual/context 大雪山おろし/雪原"
"1431","蝶","confirmed","visual/context 真・流星胡蝶剣"
"1443","溶","confirmed","visual attack preview/context 溶解液"
"1551","傑","confirmed","visual/context 十傑集"
"1598","脚","confirmed","visual/context 無影脚/脚部"
"418","祈","confirmed","visual/context 祈り/祈る/祈って"
"434","黒","confirmed","visual/context 黒いガンダム/暗黒大将軍/黒騎士"
"525","亮","confirmed","visual/context 諸葛亮孔明/司馬亮/亮ーっ"
"524","葛","confirmed","visual/context 諸葛亮孔明/諸葛亮"
"526","孔","confirmed","visual/context 諸葛亮孔明/孔明"
"595","金","confirmed","visual/context 資金/超合金Z/金型"
"689","憶","confirmed","visual/context 記憶"
"748","喜","confirmed","visual/context 喜ぶ/お喜び/喜べない"
"776","西","confirmed","visual/context 西ニューヨーク/西日本地区"
"783","供","confirmed","visual/context 子供"
"794","脅","confirmed","visual/context 脅威/脅かす/脅して"
"797","驚","confirmed","visual/context 石破天驚拳"
"907","施","confirmed","visual/context 施設/実施"
"940","種","confirmed","visual/context 機種/人種/まいた種"
"950","住","confirmed","visual/context 住民/住んでいる"
"976","笑","confirmed","visual/context 笑止/笑わせるな"
"977","紹","confirmed","visual/context 紹介/自己紹介"
"1011","政","confirmed","visual/context 占領政策/行政官/行政区"
"1018","声","confirmed","visual/context 声/死神の声"
"1042","素","confirmed","visual/context 素人/素早い"
"1060","側","confirmed","visual/context 帝国側/ソフトウェア側"
"1066","属","confirmed","visual/context 属する/所属"
"1067","族","confirmed","visual/context 百鬼一族"
"1152","独","confirmed","visual/context 独立軍/独自/ジオン独立戦争"
"1188","疲","confirmed","visual/context 疲れた/お疲れさま"
"1198","怖","confirmed","visual/context 恐怖/怖く"
"1218","編","confirmed","visual/context 編入/編成"
"1253","模","confirmed","visual/context 模様"
"1289","留","confirmed","visual/context 残留/仕留める/留まる/留守"
"1336","希","confirmed","visual/context 希望"
"1344","誤","confirmed","visual/context 誤解/誤った"
"1348","識","confirmed","visual/context 意識/知識/常識"
"1556","罪","confirmed","visual/context 罪/犯罪"
"1582","燃","confirmed","visual/context 燃える/燃やす"
"1716","党","confirmed","visual/context 残党"
"1740","陽","confirmed","visual/context 反陽子/太陽/陽動"
"431","産","confirmed","visual/context 量産型/大量生産/財産/産物"
"439","暴","confirmed","visual/context 暴竜鬼/暴動/暴言"
"440","竜","confirmed","visual/context 暴竜鬼/竜王攻撃"
"543","兜","confirmed","visual/context 兜甲児"
"659","案","confirmed","visual/context 案じる/案内"
"785","共","confirmed","visual/context 共同戦線/共闘/共倒れ/クズ共"
"843","故","confirmed","visual/context 故障/事故/何故"
"880","差","confirmed","visual/context 差し込む/差し替える/戦力差"
"895","算","confirmed","visual/context 計算/誤算"
"900","史","confirmed","visual/context 歴史"
"924","質","confirmed","visual/context 質量/資質/人質/本質"
"944","周","confirmed","visual/context 周到/周囲/周り"
"951","充","confirmed","visual/context エネルギー充填"
"1034","潜","confirmed","visual/context 潜伏/潜入/潜る"
"1056","騒","confirmed","visual/context 騒ぎ/大騒ぎ"
"1070","損","confirmed","visual/context 損害/損傷"
"1073","打","confirmed","visual/context 打ち倒す/打ち合わせ/真打ち"
"1110","沈","confirmed","visual/context 沈む/沈める"
"1129","卿","confirmed","visual/context ローレンス卿/ショット卿/アラン卿"
"1219","辺","confirmed","visual/context 周辺/近辺/辺り"
"1223","歩","confirmed","visual/context 一歩/歩く"
"1250","迷","confirmed","visual/context 迷走/混迷/迷い"
"1324","末","confirmed","visual/context 始末/結末/末代"
"1332","幹","confirmed","visual/context 幹部"
"1388","眠","confirmed","visual/context 眠らない/眠る/眠り"
"1571","憎","confirmed","visual/context 憎悪/憎い/憎しみ"
"1591","裂","confirmed","visual/context 分裂/八つ裂き"
"1608","等","confirmed","visual/context 上等/対等/下等"
"1671","塞","confirmed","visual/context 要塞"
"1613","母","confirmed","visual/context 母ちゃん/母さん/お母様"
"1725","否","confirmed","visual/context 否定/拒否する"
"416","奇","confirmed","visual/context 奇跡/奇襲/奇異"
"464","帥","confirmed","visual/context 地球大元帥/OZ総帥"
"467","也","confirmed","visual/context 鉄也/剣鉄也"
"1148","働","confirmed","visual/context 働く/働きぶり/別働隊"
"492","条","confirmed","visual/context 条件/中条/三条"
"637","積","confirmed","visual/context 見積もり/積み込む/山積み"
"1179","抜","confirmed","visual/context 抜ける/抜く/間抜け"
"755","規","confirmed","visual/context 正規軍/規模"
"978","証","confirmed","visual/context 保証/証拠/証明"
"1164","脳","confirmed","visual/context 脳波/脳が痛い"
"638","極","confirmed","visual/context 積極的/究極/極限"
"828","権","confirmed","visual/context 権利/自治権"
"1351","処","confirmed","visual/context 対処/処理/処置/処分"
"1694","責","confirmed","visual/context 責任/無責任/責める"
"513","三","confirmed","visual/context 三条/三連星/三月"
"531","嵐","confirmed","visual/context 破嵐万丈/キリマンジャロの嵐"
"1105","張","confirmed","visual/context 張五飛/張れ/張り裂ける"
"1204","伏","confirmed","visual/context 降伏/潜伏/待ち伏せ"
"324","水","confirmed","visual/context 水平線/水中/明鏡止水"
"408","激","confirmed","visual/context 激闘/激戦/過激派"
"1595","嘘","confirmed","visual/context 嘘/嘘をつく"
"539","藤","confirmed","visual/context 藤原忍"
"1117","底","confirmed","visual/context 底力"
"1301","歴","confirmed","visual/context 歴史/歴戦"
"1742","抑","confirmed","visual/context 抑える"
"227","Ⅱ","confirmed","visual/context ザクⅡ/トールギスⅡ/ガンダムmkⅡ"
"406","挑","confirmed","visual/context 挑戦/挑発/挑む"
"538","雅","confirmed","visual/context 式部雅人/雅人"
"773","求","confirmed","visual/context 求める/追い求める"
"834","減","confirmed","visual/context 手加減/減らす/減った"
"1003","尽","confirmed","visual/context 尽きる/尽くす/理不尽"
"1126","転","confirmed","visual/context 転送/転用/好転/回転"
"1189","秘","confirmed","visual/context 秘技/極秘/秘密"
"1632","風","confirmed","visual/context 三月の風/風上/風に"
"372","屋","confirmed","visual/context 部屋/殺し屋"
"475","弁","confirmed","visual/context 勘弁/車弁慶"
"739","監","confirmed","visual/context 監視/監視衛星"
"819","系","confirmed","visual/context 指令系統/操縦系/太陽系/銀河系"
"1246","妙","confirmed","visual/context 妙な/兵法の妙"
"1363","痛","confirmed","visual/context 痛い/痛み"
"1365","艇","confirmed","visual/context 連絡艇/高速艇"
"1394","慮","confirmed","visual/context 遠慮/考慮"
"453","維","confirmed","visual/context 維持"
"547","授","confirmed","visual/context 弓教授"
"655","握","confirmed","visual/context 把握/掌握"
"718","核","confirmed","visual/context 中核/核パルス/生命核"
"855","広","confirmed","visual/context 広がる/広域/広大"
"932","借","confirmed","visual/context 借りる/借りを返す"
"953","縦","confirmed","visual/context 操縦/操縦担当"
"963","書","confirmed","visual/context 説明書/親書/書いてある"
"1047","掃","confirmed","visual/context 掃除/掃討"
"1195","付","confirmed","visual/context 名付ける/付き"
"1341","繰","confirmed","visual/context 繰り返す/繰り言/繰り上げ"
"1360","双","confirmed","visual/context 竜王双撃/無双"
"222","『","confirmed","visual/context inner quote opener"
"223","』","confirmed","visual/context inner quote closer"
"758","輝","confirmed","visual/context 嵐の中で輝いて/輝き叫ぶ"
"813","訓","confirmed","visual/context 訓練"
"933","若","confirmed","visual/context 若い/若者"
"1022","静","confirmed","visual/context 静かにしろ"
"1267","反","confirmed","visual/context 反対"
"1355","渉","confirmed","visual/context 交渉"
"1544","叫","confirmed","visual/context 叫ぶ/絶叫"
"1635","暗","confirmed","visual/context 暗殺"
"661","位","confirmed","visual/context 位置/三位一体"
"890","策","confirmed","visual/context 政策"
"1025","石","confirmed","visual/context 石破天驚拳"
"1245","密","confirmed","visual/context 秘密/極秘"
"1305","練","confirmed","visual/context 訓練"
"1477","悔","confirmed","visual/context 後悔"
"1293","輪","confirmed","visual/context 大車輪"
"322","海","confirmed","visual/context 海上"
"379","偵","confirmed","visual/context 偵察"
"481","乙","confirmed","visual/context 早乙女博士"
"608","階","confirmed","visual/context 段階"
"1107","町","confirmed","visual/context 町"
"1616","恋","confirmed","visual/context 恋人"
"474","車","confirmed","visual/context 車弁慶/大車輪"
"476","慶","confirmed","visual/context 車弁慶"
"727","勘","confirmed","visual/context 勘弁"
"1448","惑","confirmed","visual/context 大迷惑"
"545","弓","confirmed","visual/context 弓教授"
"1490","古","confirmed","visual/context 古き/古い/古参"
"1612","卑","confirmed","visual/context 卑怯/卑劣"
"688","欧","confirmed","visual/context 北欧/欧州"
"802","緊","confirmed","visual/context 緊急/緊張"
"1062","捉","confirmed","visual/context 捕捉"
"1120","提","confirmed","visual/context 提案/提供"
"1366","展","confirmed","visual/context 展開"
"1430","担","confirmed","visual/context 担当"
"1703","貸","confirmed","visual/context 力を貸す"
"398","協","confirmed","visual/context 協力"
"676","栄","confirmed","visual/context 光栄"
"1185","番","confirmed","visual/context 一番/出番"
"1347","鹿","confirmed","visual/context 馬鹿"
"1651","割","confirmed","visual/context 仲間割れ/役割/6割"
"228","ν","confirmed","visual/context νガンダム"
"289","ゔ","confirmed","visual keyboard preview/context ャュョッヴ -> ゃゅょっゔ"
"290","←","confirmed","visual UI preview/context ← → スペース 決定"
"723","学","confirmed","visual/context 学者/学ぶ/士官学校"
"1089","短","confirmed","visual/context 短絡/短気/短い/最短"
"697","科","confirmed","visual/context 科学者/科学力"
"859","校","confirmed","visual/context 学校"
"1270","勇","confirmed","visual/context 勇士/勇気/勇者"
"734","敢","confirmed","visual/context 勇敢"
"1303","劣","confirmed","visual/context 卑劣/優劣/愚劣"
"1537","罠","confirmed","visual/context 罠"
"1485","怯","confirmed","visual/context 卑怯"
"946","州","confirmed","visual/context 欧州"
"1408","牙","confirmed","visual/context 対空光牙剣"
"1550","相","confirmed","visual/context 相当"
"800","禁","confirmed","visual/context 禁物"
"552","四","confirmed","visual/context 四谷博士/四月"
"553","谷","confirmed","visual/context 四谷博士"
"1005","図","confirmed","visual/context 設計図/地図"
"979","詳","confirmed","visual/context 詳しく"
"1512","怠","confirmed","visual/context 怠る"
"1268","輸","confirmed","visual/context 輸送"
"682","演","confirmed","visual/context 演じる"
"864","号","confirmed","visual/context 信号"
"1190","非","confirmed","visual/context 非力/非戦闘員"
"1513","恥","confirmed","visual/context 恥/恥ずかしい"
"769","仇","confirmed","visual/context 仇をとる"
"791","狂","confirmed","visual/context 狂う/狂った"
"995","寝","confirmed","visual/context 寝返る/寝食/寝覚め"
"450","艦","confirmed","visual/context 司令艦/宇宙艦/艦影"
"645","検","confirmed","visual/context 検討/精神検査"
"760","犠","confirmed","visual/context 犠牲"
"1015","牲","confirmed","visual/context 犠牲"
"881","査","confirmed","visual/context 調査/探査/査定"
"981","障","confirmed","visual/context 支障/障害/目障り"
"1006","推","confirmed","visual/context 推進/推力/推測/推移"
"1214","閉","confirmed","visual/context 閉じる/幽閉"
"1346","座","confirmed","visual/context 即座/機銃座/砲座"
"1116","低","confirmed","visual/context 低い/低下/最低"
"956","熟","confirmed","visual/context 未熟"
"1423","陣","confirmed","visual/context 十絶陣/天竜魔滅陣/布陣"
"1697","阻","confirmed","visual/context 阻止/阻む"
"375","紋","confirmed","visual/context 紋章"
"376","章","confirmed","visual/context 紋章"
"432","侯","confirmed","visual/context 侯爵"
"433","爵","confirmed","visual/context 公爵/侯爵"
"550","健","confirmed","visual/context 健二/健在"
"793","胸","confirmed","visual/context 胸部バルカン/胸が張り裂ける"
"845","互","confirmed","visual/context 相互/お互い"
"876","恨","confirmed","visual/context 恨む/恨み"
"1199","普","confirmed","visual/context 普通"
"1327","育","confirmed","visual/context 育てられた/育ち"
"1599","及","confirmed","visual/context 及ばん/この期に及んで"
"657","扱","confirmed","visual/context 取扱説明書/扱い"
"708","戒","confirmed","visual/context 警戒"
"735","歓","confirmed","visual/context 歓迎"
"811","屈","confirmed","visual/context 理屈/屈辱"
"835","源","confirmed","visual/context 電源/エネルギー源"
"1020","請","confirmed","visual/context 要請"
"1367","途","confirmed","visual/context 途中"
"1476","快","confirmed","visual/context 快感/快調/不快感"
"1565","浄","confirmed","visual/context 浄化"
"1593","因","confirmed","visual/context 原因/因縁"
"411","友","confirmed","visual/context 友情/友達"
"542","騎","confirmed","visual/context 黒騎士"
"666","為","confirmed","visual/context 行為"
"761","疑","confirmed","visual/context 疑い/疑問"
"778","居","confirmed","visual/context 居場所/長居"
"787","境","confirmed","visual/context 心境/境遇/国境"
"822","軽","confirmed","visual/context 軽微/軽い"
"989","色","confirmed","visual/context 金色/顔色/色々"
"1051","葬","confirmed","visual/context 埋葬/葬り去る"
"1243","満","confirmed","visual/context 満ちる"
"1291","両","confirmed","visual/context 両親/両名"
"1433","射","confirmed","visual/context 反射"
"1508","誓","confirmed","visual/context 誓う/誓った"
"1579","填","confirmed","visual/context 充填"
"601","録","confirmed","visual/context 記録/録音"
"685","奥","confirmed","visual/context 奥義"
"806","区","confirmed","visual/context 区別/行政区"
"809","偶","confirmed","visual/context 偶然"
"1371","肉","confirmed","visual/context 肉体"
"1547","駆","confirmed","visual/context 駆ける/駆動/駆り立てる"
"1563","純","confirmed","visual/context 単純"
"1661","鏡","confirmed","visual/context 明鏡止水"
"1169","廃","confirmed","visual/context 廃墟"
"1215","米","confirmed","visual/context 北米/南米"
"1265","訳","confirmed","visual/context 言い訳/申し訳"
"1328","白","confirmed","visual/context 白い魔/白魔"
"1350","首","confirmed","visual/context 首の骨/その首"
"1445","雷","confirmed","visual/context 爆雷/機雷"
"870","骨","confirmed","visual/context 首の骨"
"884","砕","confirmed","visual/context 砕ける/砕く"
"692","音","confirmed","visual/context 音を聞く/録音"
"1411","機","confirmed","visual/context 機雷"
"971","招","confirmed","visual/context 招いた/招待/招雷"
"1541","眼","confirmed","visual/context 眼前"
"1590","霊","confirmed","visual/context 全身全霊"
"1283","欲","confirmed","visual/context 欲すれば"
"1517","停","confirmed","visual/context 機能停止/停艦"
"1529","幕","confirmed","visual/context 弾幕"
"1545","郷","confirmed","visual/context 故郷"
"1645","側","confirmed","visual/context 側面/側に"
"517","恵","confirmed","visual/context 神北恵子/恵まれた/お知恵"
"728","巻","confirmed","visual/context 竜巻/巻き付き/渦巻く"
"749","寄","confirmed","visual/context 近寄る/呼び寄せる"
"753","棄","confirmed","visual/context 放棄"
"1057","像","confirmed","visual/context 残像/想像"
"1172","背","confirmed","visual/context 背を向ける/背負う"
"1340","具","confirmed","visual/context 不具合/具合/器具"
"1381","払","confirmed","visual/context 切り払い"
"1475","花","confirmed","visual/context 花散る/花を咲かせる"
"1643","永","confirmed","visual/context 永遠"
"1709","築","confirmed","visual/context 築く/築き上げる"
"1729","服","confirmed","visual/context 征服/不服"
"507","西","confirmed","visual/context 西川大作/大西洋"
"515","太","confirmed","visual/context 宇宙太/太陽/太古"
"679","越","confirmed","visual/context 越える/引っ越し"
"759","偽","confirmed","visual/context 偽り/偽装"
"768","久","confirmed","visual/context 久しぶり/久々"
"1121","適","confirmed","visual/context 地形適応/適当"
"1213","並","confirmed","visual/context 並み/手並み"
"1242","慢","confirmed","visual/context 自慢/傲慢"
"1266","躍","confirmed","visual/context 躍動/活躍"
"1553","強","confirmed","visual/context 強い/強まる/強める"
"1564","照","confirmed","visual/context 照準/照合"
"1745","梁","confirmed","visual/context 梁山泊"
"1721","泊","confirmed","visual/context 梁山泊"
"1389","唯","confirmed","visual/context 唯一"
"1409","怪","confirmed","visual/context 怪光線/怪しい"
"1434","刀","confirmed","visual/context 一刀両断/刀"
"1471","縁","confirmed","visual/context 血縁/因縁"
"1492","歳","confirmed","visual/context 12歳/二十歳"
"1505","吹","confirmed","visual/context 吹き飛ばす/風が吹く"
"1569","隻","confirmed","visual/context 1隻/2隻"
"1606","洗","confirmed","visual/context 洗礼/洗脳"
"684","汚","confirmed","visual/context 汚い/汚名"
"774","泣","confirmed","visual/context 泣く/泣き"
"838","個","confirmed","visual/context 各個/個人"
"1024","析","confirmed","visual/context 分析"
"1259","門","confirmed","visual/context 砲門/宇門大介"
"1264","薬","confirmed","visual/context 弾薬/薬物"
"233","k","confirmed","visual/context mkII"
"1470","渦","confirmed","visual/context 渦/渦巻く"
"1206","腹","confirmed","visual/context 腹立たしい/腹をくくる"
"869","惚","confirmed","visual/context 惚れる/惚れなおす"
"882","才","confirmed","visual/context 天才/青二才"
"939","狩","confirmed","visual/context 人間狩り/ゲリラ狩り"
"1145","踏","confirmed","visual/context 踏み込む/踏みにじる"
"1021","青","confirmed","visual/context 青二才"
"230","ヶ","confirmed","visual/context 数ヶ月"
"276","e","confirmed","visual/context Space Woman/Check OK"
"258","f","confirmed","visual lowercase chart"
"259","c","confirmed","visual lowercase chart"
"234","t","confirmed","visual/context the/planetary orbit"
"281","n","confirmed","visual/context Space Woman/planetary orbit"
"279","i","confirmed","visual/context orbit/Condition"
"282","o","confirmed","visual/context Woman/orbit"
"1209","雰","confirmed","visual/context 雰囲気"
"1368","堂","confirmed","visual/context 正々堂々"
"1373","搬","confirmed","visual/context 搬入"
"1447","双","confirmed","visual/context 双牙"
"1580","読","confirmed","visual/context 読み込み/読める"
"339","台","confirmed","visual/context 発射台/実験台/1台/舞台"
"636","斉","confirmed","visual/context 一斉"
"646","索","confirmed","visual/context 爆導索/索敵/検索"
"653","港","confirmed","visual/context 入港/寄港"
"671","飲","confirmed","visual/context 飲む/飲み込む"
"719","獲","confirmed","visual/context 獲物/獲得"
"1090","端","confirmed","visual/context 半端/木っ端/一端"
"1134","登","confirmed","visual/context 登場/登録"
"1227","抱","confirmed","visual/context 抱く/抱える"
"1234","坊","confirmed","visual/context 坊や/坊ちゃん"
"1273","誘","confirmed","visual/context 誘発/誘い/誘導"
"1329","延","confirmed","visual/context 生き延びる"
"1339","巨","confirmed","visual/context 巨大"
"1514","忠","confirmed","visual/context 忠告/忠誠"
"1533","涙","confirmed","visual/context 涙をのむ/涙"
"1561","粛","confirmed","visual/context 粛正/粛清"
"1693","清","confirmed","visual/context 粛清"
"1589","臨","confirmed","visual/context 臨界"
"1634","忙","confirmed","visual/context 忙しい"
"1909","縛","confirmed","visual/context 縛られる"
"844","誇","confirmed","visual/context 誇り"
"1122","徹","confirmed","visual/context 徹底"
"1187","比","confirmed","visual/context 比べる"
"1540","臆","confirmed","visual/context 臆病者"
"1194","病","confirmed","visual/context 臆病者/病院"
"495","院","confirmed","visual/context 病院/伊集院"
"1279","預","confirmed","visual/context 預ける/預かる"
"1402","左","confirmed","visual/context 左/左キー"
"1607","替","confirmed","visual/context 差し替え/切り替え/積み替え"
"1667","語","confirmed","visual/context 語る/物語"
"1715","賭","confirmed","visual/context 賭ける/賭して"
"1735","妹","confirmed","visual/context 妹"
"1741","養","confirmed","visual/context 療養/休養/栄養"
"503","木","confirmed","visual/context 木星/木っ端みじん"
"892","雑","confirmed","visual/context 雑念/複雑"
"1207","複","confirmed","visual/context 複雑"
"1151","統","confirmed","visual/context 総統"
"1383","紛","confirmed","visual/context 内紛"
"1396","療","confirmed","visual/context 治療/療養"
"1439","舞","confirmed","visual/context 二の舞/舞い戻る/見舞い"
"1479","革","confirmed","visual/context 革命/革命軍"
"1734","崩","confirmed","visual/context 崩壊/崩れる"
"675","映","confirmed","visual/context 映る/映像"
"733","換","confirmed","visual/context 引き換え/書き換え/乗り換え"
"780","虚","confirmed","visual/context 虚しさ/虚空"
"818","景","confirmed","visual/context 背景/景色/光景"
"910","氏","confirmed","visual/context ドーリアン氏"
"980","象","confirmed","visual/context 印象/象徴"
"1033","専","confirmed","visual/context 専用/専念/専制"
"1055","遭","confirmed","visual/context 遭遇"
"1205","幅","confirmed","visual/context 増幅/大幅"
"1325","哀","confirmed","visual/context 哀しみ/可哀想/哀悼"
"1468","闇","confirmed","visual/context 闇の中/闇の帝王"
"1507","誠","confirmed","visual/context 忠誠/誠意/誠実"
"1609","杯","confirmed","visual/context 精一杯/別れの杯"
"1627","託","confirmed","visual/context 託す"
"1644","怨","confirmed","visual/context 怨念/私怨"
"1659","拒","confirmed","visual/context 拒否"
"1812","炉","confirmed","visual/context 炉心/ゲッター炉/増幅炉"
"1914","愉","confirmed","visual/context 不愉快"
"442","独","confirmed","visual/context 独眼鬼/独剣鬼"
"501","鳥","confirmed","visual/context 飛鳥ケンジ/鳥"
"1391","魔","confirmed","visual/context 白魔"
"1400","閃","confirmed","visual/context 虎閃堂/閃剣斬"
"1415","虎","confirmed","visual/context 虎閃堂"
"1625","堂","confirmed","visual/context 虎閃堂; duplicate 堂 slot"
"488","眼","confirmed","visual/context 独眼鬼"
"1115","爪","confirmed","visual/context 爪/爪ミサイル/双爪撃"
"496","塚","confirmed","visual/context 大塚長官"
"1728","副","confirmed","visual/context メガ粒子副砲"
"647","覧","confirmed","visual/context ご覧ください/一覧"
"732","慣","confirmed","visual/context 慣れる/不慣れ/腕慣らし"
"879","右","confirmed","visual/context 右キー/右手/右推進"
"992","辱","confirmed","visual/context 屈辱"
"1035","詮","confirmed","visual/context 所詮"
"1165","把","confirmed","visual/context 把握"
"1176","売","confirmed","visual/context 売る/売却"
"1331","恩","confirmed","visual/context 恩/恩義/恩人"
"1333","管","confirmed","visual/context 管理/管制"
"1483","儀","confirmed","visual/context 礼儀/大儀"
"1511","尊","confirmed","visual/context 尊い/尊重"
"1548","刑","confirmed","visual/context 処刑/銃殺刑"
"1584","府","confirmed","visual/context 政府"
"1596","勧","confirmed","visual/context 勧告"
"1624","序","confirmed","visual/context 秩序/破滅への序曲"
"1710","駐","confirmed","visual/context 駐留"
"1795","柱","confirmed","visual/context 支柱/光の柱"
"238","r","confirmed","visual/context planetary orbit/there"
"602","更","confirmed","visual/context 変更/更新"
"737","環","confirmed","visual/context 環境"
"972","焼","confirmed","visual/context 焼き払う/焼け死ぬ/焼き切れ"
"1019","製","confirmed","visual/context 帝国製/地球製/製作"
"1043","僧","confirmed","visual/context 若僧/小僧"
"1111","鎮","confirmed","visual/context 鎮圧"
"1224","墓","confirmed","visual/context 墓場/墓"
"1357","振","confirmed","visual/context 振動/振り払う/振り切る"
"1358","席","confirmed","visual/context 出席/同席/席"
"1395","料","confirmed","visual/context 燃料"
"1552","賢","confirmed","visual/context 小賢しい"
"1559","衆","confirmed","visual/context 民衆/烏合の衆"
"1677","至","confirmed","visual/context 至急/至る"
"1692","征","confirmed","visual/context 征服"
"1738","耗","confirmed","visual/context 消耗"
"1744","虜","confirmed","visual/context 捕虜"
"462","城","confirmed","visual/context ムゲ城/結城/お城/根城"
"665","易","confirmed","visual/context 容易/簡易/易々"
"691","穏","confirmed","visual/context 不穏/穏やか"
"725","掛","confirmed","visual/context 仕掛ける"
"842","庫","confirmed","visual/context 格納庫"
"899","刺","confirmed","visual/context とどめを刺す/刺激"
"917","字","confirmed","visual/context 数字/文字"
"947","救","confirmed","visual/context 救える/救う"
"1140","盗","confirmed","visual/context 盗み聞き/盗む"
"1155","未","confirmed","visual/context 未知"
"1280","幼","confirmed","visual/context 幼なじみ/幼い"
"1326","医","confirmed","visual/context 医者/医務室/軍医"
"1353","商","confirmed","visual/context ルオ商会"
"1378","品","confirmed","visual/context 作品/品性/部品/気品"
"1417","裁","confirmed","visual/context 裁き"
"1427","龍","confirmed","visual/context 魔龍連脚/神龍裂脚"
"1472","温","confirmed","visual/context 温度/温存/暖かい"
"1530","盟","confirmed","visual/context シャッフル同盟拳"
"1554","航","confirmed","visual/context 航行/出航/難航"
"1629","秩","confirmed","visual/context 秩序"
"1695","宣","confirmed","visual/context 宣告/宣言"
"1739","幽","confirmed","visual/context 幽閉"
"1783","呪","confirmed","visual/context 呪い/呪わしい"
"1810","旅","confirmed","visual/context 旅行/旅立つ"
"254","a","confirmed","visual/context Space Woman/planetary"
"701","華","confirmed","visual/context 華麗/宝華教典"
"868","気","confirmed","visual/context 本気/気を入れる/気痛"
"945","就","confirmed","visual/context 成就/就任"
"975","称","confirmed","visual/context 名称/称する"
"1103","注","confirmed","visual/context 注ぎ込む/注意/特注"
"548","村","confirmed","visual/context 村雨健二"
"549","雨","confirmed","visual/context 村雨健二/四月の雨"
"1304","烈","confirmed","visual/context 強烈/烈破"
"305","&","confirmed","visual/context Z&R社"
"928","社","confirmed","visual/context 秘密結社/Z&R社"
"519","草","confirmed","visual/context 草間大作/草葉"
"1278","誉","confirmed","visual/context 名誉/誉め言葉"
"1399","璧","confirmed","visual/context 完璧"
"1524","布","confirmed","visual/context 散布/布陣"
"1572","俗","confirmed","visual/context 俗物"
"1577","虫","confirmed","visual/context 夏の虫/虫ケラ/ホーロー虫"
"1683","償","confirmed","visual/context 代償"
"1702","耐","confirmed","visual/context 耐える/耐久"
"1712","朝","confirmed","visual/context 早朝/明朝"
"1751","迫","confirmed","visual/context 迫る/気迫/脅迫"
"1901","喪","confirmed","visual/context 喪失"
"235","h","confirmed","visual/context Check/the/Where"
"709","械","confirmed","visual/context 機械"
"765","却","confirmed","visual/context 売却/退却/滅却"
"1007","遂","confirmed","visual/context 遂行/やり遂げる"
"1026","績","confirmed","visual/context 実績"
"1225","包","confirmed","visual/context 包囲"
"1392","踊","confirmed","visual/context 踊る"
"1405","円","confirmed","visual/context 円盤/円盤獣"
"1803","盤","confirmed","visual/context 円盤/円盤獣"
"1412","径","confirmed","visual/context 大口径/軌道"
"1493","剤","confirmed","visual/context 消火剤/安定剤/栄養剤"
"1499","室","confirmed","visual/context 自室/医務室"
"1501","讐","confirmed","visual/context 復讐"
"1520","批","confirmed","visual/context 批判/批判的"
"1601","舷","confirmed","visual/context 右舷/左舷/接舷"
"1633","覆","confirmed","visual/context 覆う/覆面"
"1636","揺","confirmed","visual/context 動揺/揺さぶる"
"1664","懸","confirmed","visual/context 一生懸命/懸念"
"1726","浮","confirmed","visual/context 浮く/浮遊/浮上"
"1773","酷","confirmed","visual/context 過酷/酷使"
"373","敷","confirmed","visual/context 屋敷"
"505","葵","confirmed","visual/context 葵豹馬"
"609","費","confirmed","visual/context 修理費用/消費"
"922","執","confirmed","visual/context 執事/執心"
"1014","晴","confirmed","visual/context 晴らす"
"1309","老","confirmed","visual/context 老兵/年老いる/老骨"
"1356","殖","confirmed","visual/context 増殖"
"1482","軌","confirmed","visual/context 軌道"
"1528","謀","confirmed","visual/context 無謀/参謀"
"1646","課","confirmed","visual/context 課した使命"
"1679","週","confirmed","visual/context 1週間"
"1708","致","confirmed","visual/context 一致/不一致/いかが致しましょう"
"1453","星","confirmed","visual/context 天馬星覇"
"1465","瞬","confirmed","visual/context 瞬幻足/一瞬/瞬間"
"1466","幻","confirmed","visual/context 瞬幻足/変幻自在/幻"
"1419","獅","confirmed","visual/context 獅子吼烈破/獅子身中の虫"
"1450","吼","confirmed","visual/context 獅子吼烈破/吼えろ"
"1555","轟","confirmed","visual/context 轟き叫ぶ"
"1655","企","confirmed","visual/context 企む/企業"
"678","益","confirmed","visual/context 無益/権益"
"801","筋","confirmed","visual/context 筋合い/一筋/筋"
"1092","胆","confirmed","visual/context 大胆"
"1156","軟","confirmed","visual/context 軟弱/軟禁"
"1182","隊","confirmed","visual/context 記録隊/消火隊/整備隊"
"1184","範","confirmed","visual/context 範囲"
"1255","網","confirmed","visual/context 情報網/包囲網/固衛網"
"1416","豪","confirmed","visual/context 豪熱/豪運"
"1658","吸","confirmed","visual/context 呼吸/吸い取る"
"1001","刃","confirmed","visual/context 刃を向ける/死の刃"
"226","Ⅱ","confirmed","visual/context duplicate Ⅱ slot for ガンダムmkⅡ/ザクⅡ改/トールギスⅡ"
"1338","兵","confirmed","visual/context 兵/先兵"
"1438","斧","confirmed","visual/context 蟷螂の斧/爆斧無双対"
"1481","貫","confirmed","visual/context 突貫/貫く/一貫"
"1498","肢","confirmed","visual/context 選択肢"
"1557","寺","confirmed","visual/context 少林寺"
"1568","枢","confirmed","visual/context 中枢"
"1605","是","confirmed","visual/context 是非"
"1619","侠","confirmed","visual/context 天破侠乱"
"1620","欠","confirmed","visual/context 欠ける/欠点"
"1673","材","confirmed","visual/context 資料/人材/緩衝材"
"1789","探","confirmed","visual/context 探索/探し求める"
"478","隼","confirmed","visual/context 神隼人"
"730","干","confirmed","visual/context 干渉"
"764","詰","confirmed","visual/context 詰め/追い詰める/張り詰める"
"792","狭","confirmed","visual/context 狭い/狭間"
"840","孤","confirmed","visual/context 孤独/孤立"
"858","拘","confirmed","visual/context 拘束"
"914","歯","confirmed","visual/context 歯ごたえ/歯向かう/歯が立たない"
"941","趣","confirmed","visual/context 趣味"
"1038","善","confirmed","visual/context 善意/最善"
"1175","買","confirmed","visual/context 買いかぶる/買い出し"
"1299","麗","confirmed","visual/context 華麗/美辞麗句"
"1315","墟","confirmed","visual/context 廃墟"
"1321","隕","confirmed","visual/context 隕石"
"1354","唱","confirmed","visual/context 唱える"
"1369","鈍","confirmed","visual/context 鈍い/鈍く"
"1406","往","confirmed","visual/context 往生/往生際"
"1436","髪","confirmed","visual/context 弁髪刀/間一髪"
"1510","従","confirmed","visual/context 追従"
"1581","沌","confirmed","visual/context 混沌"
"1583","微","confirmed","visual/context 軽微"
"1622","芝","confirmed","visual/context 芝居"
"1733","暮","confirmed","visual/context 暮らし"
"1782","酒","confirmed","visual/context 酒びたり"
"1798","瞳","confirmed","visual/context 瞳"
"1911","罰","confirmed","visual/context 処罰/罰として/罰を与える/罰則"
"200","'","confirmed","visual/context I'm/DON'T/BURNIN'"
"274","c","confirmed","visual/context Check/Space/Voice"
"275","d","confirmed","visual/context do/Canned/Wandering"
"280","l","confirmed","visual/context planetary/Silent"
"283","p","confirmed","visual/context Space/planetary/Super"
"493","吾","confirmed","visual/context 北条真吾"
"511","浪","confirmed","visual/context 浪花十三"
"574","岸","confirmed","visual/context 大西洋岸/海岸"
"997","慎","confirmed","visual/context 謹慎/慎重"
"1212","弊","confirmed","visual/context 疲弊"
"1233","傍","confirmed","visual/context 傍受/傍観"
"1362","珍","confirmed","visual/context 珍しい"
"1403","鋭","confirmed","visual/context 最新鋭/精鋭"
"1432","典","confirmed","visual/context 宝華教典"
"1435","牌","confirmed","visual/context 十二王方牌大車輪"
"1441","宝","confirmed","visual/context 宝華教典"
"1484","京","confirmed","visual/context 北京"
"1495","咲","confirmed","visual/context 花が咲く/咲かせる"
"1534","廉","confirmed","visual/context 破廉恥"
"1560","蹴","confirmed","visual/context 蹴散らす"
"1604","宿","confirmed","visual/context 宿命/宿る"
"1626","染","confirmed","visual/context 染まる/感染/汚染"
"1699","賊","confirmed","visual/context 逆賊"
"1761","寒","confirmed","visual/context 寒い/寒冷化"
"1768","劇","confirmed","visual/context 劇的/悲劇"
"1771","候","confirmed","visual/context 候補"
"1775","鎖","confirmed","visual/context 復讐の鎖/閉鎖"
"1779","罪","confirmed","visual/context 罪人"
"1805","訪","confirmed","visual/context 訪れた悪夢"
"1884","剣","confirmed","visual/context 天王剣破斬"
"1903","臓","confirmed","visual/context 心臓"
"490","田","confirmed","visual/context ギャリソン時田/レミー島田"
"741","肝","confirmed","visual/context 肝に銘じる"
"817","掲","confirmed","visual/context 掲げる"
"889","昨","confirmed","visual/context 昨日"
"1000","辛","confirmed","visual/context 辛気くさい"
"1041","祖","confirmed","visual/context 祖国/先祖"
"1106","徴","confirmed","visual/context 象徴"
"1131","吐","confirmed","visual/context 吐く/吐き出す"
"1197","婦","confirmed","visual/context 夫婦/婦女子/婦人"
"1282","洋","confirmed","visual/context 大西洋/太平洋"
"288","y","confirmed","visual/context planetary/you/Silent Eye"
"504","戸","confirmed","visual/context 木戸アキラ"
"618","妖","confirmed","visual/context 妖精"
"672","陰","confirmed","visual/context 草葉の陰/陰から支える"
"687","横","confirmed","visual/context 横取り/横にいる/横になる"
"784","競","confirmed","visual/context 競争/小競り合い"
"803","謹","confirmed","visual/context 不謹慎/謹慎"
"814","群","confirmed","visual/context 群がる/一群"
"853","知","confirmed","visual/context 無知なる従順"
"856","慌","confirmed","visual/context 慌てる"
"968","警","confirmed","visual/context 警戒"
"987","譲","confirmed","visual/context 譲渡/譲歩/譲れない"
"1002","甚","confirmed","visual/context 甚大"
"1044","創","confirmed","visual/context 創設期"
"1059","蔵","confirmed","visual/context 兜十蔵博士"
"1076","帯","confirmed","visual/context 国境地帯/一帯"
"1125","添","confirmed","visual/context 巻き添え/付き添い"
"1132","塗","confirmed","visual/context 血塗られた/塗った"
"1240","埋","confirmed","visual/context 埋葬/埋められた/埋めこまれた"
"1241","枚","confirmed","visual/context 始末書1枚/一枚上手"
"1316","彗","confirmed","visual/context 赤い彗星"
"1335","頑","confirmed","visual/context 頑張る/頑丈"
"1337","旗","confirmed","visual/context 白旗/旗色"
"1349","寂","confirmed","visual/context 寂しい/寂しがる"
"1364","締","confirmed","visual/context 引き締める/締めつけ"
"1370","縄","confirmed","visual/context 一筋縄"
"1375","皮","confirmed","visual/context 皮肉"
"1413","穴","confirmed","visual/context 風穴/墓穴"
"1428","陀","confirmed","visual/context 南無阿弥陀仏/曼陀羅"
"1444","翼","confirmed","visual/context 左翼/光翼/天使の翼"
"1449","曼","confirmed","visual/context 曼陀羅"
"1451","榴","confirmed","visual/context 200mm榴弾砲"
"1467","阿","confirmed","visual/context 南無阿弥陀仏"
"1469","羽","confirmed","visual/context 羽根/天使の羽"
"1500","写","confirmed","visual/context 写真"
"1503","昇","confirmed","visual/context 上昇/昇る/飛竜昇雲"
"1509","節","confirmed","visual/context 予測/関節/節操/使節団"
"1518","悩","confirmed","visual/context 悩ませる/悩む"
"1525","仏","confirmed","visual/context 南無阿弥陀仏"
"1531","弥","confirmed","visual/context 南無阿弥陀仏"
"1532","撃","confirmed","visual/context 一撃"
"1543","擬","confirmed","visual/context 模擬戦闘"
"1549","憩","confirmed","visual/context 休憩"
"1558","習","confirmed","visual/context 自習室/見習う"
"1575","竹","confirmed","visual/context 天に竹林"
"1578","丁","confirmed","visual/context 丁重/長丁場/符丁"
"1585","粉","confirmed","visual/context 粉々/粉砕"
"1586","柄","confirmed","visual/context 手柄/間柄"
"1628","嘆","confirmed","visual/context 嘆き/嘆かわしい"
"1678","辞","confirmed","visual/context 美辞麗句/辞任"
"1680","御","confirmed","visual/context 御姉様/御母様"
"1685","酷","confirmed","visual/context 過酷"
"1696","礎","confirmed","visual/context 基礎"
"1701","妥","confirmed","visual/context 妥当"
"1717","悼","confirmed","visual/context 悼む/哀悼"
"1723","版","confirmed","visual/context 出版物/パワーアップ版/簡易版"
"1727","符","confirmed","visual/context 終止符/符丁"
"1731","癖","confirmed","visual/context 口癖/操縦癖"
"1737","妄","confirmed","visual/context 妄想/迷妄"
"1748","残","confirmed","visual/context 残虐さ"
"1749","虐","confirmed","visual/context 残虐さ"
"1756","雲","confirmed","visual/context 暗雲/雲泥/飛竜昇雲"
"1760","角","confirmed","visual/context 角/角度"
"1765","幾","confirmed","visual/context 幾度"
"1766","窮","confirmed","visual/context 窮地"
"1784","巡","confirmed","visual/context 巡洋艦/堂々巡り"
"1787","現","confirmed","visual/context 現代"
"1790","即","confirmed","visual/context 即刻/即答/即座"
"1804","隻","confirmed","visual/context 1隻"
"1813","決","confirmed","visual/context 対決"
"1834","祭","confirmed","visual/context 血祭り"
"1883","喉","confirmed","visual/context 羅喉刃"
"1897","講","confirmed","visual/context 講じる"
"1902","巣","confirmed","visual/context クモの巣"
"1912","侮","confirmed","visual/context 侮る/侮辱"
"1917","凰","confirmed","visual/context 鳳凰光覇"
"1923","（量","confirmed","visual attack-name ligature/context ダブルバーニングファイヤー（量グレート）"
"1924","グレ","confirmed","visual attack-name ligature/context ダブルバーニングファイヤー（量グレート）"
"1925","ート）","confirmed","visual attack-name ligature/context ダブルバーニングファイヤー（量グレート）"
"1926","（グ","confirmed","visual attack-name ligature/context ダブルバーニングファイヤー（グレート）"
"1927","レー","confirmed","visual attack-name ligature/context ダブルバーニングファイヤー（グレート）"
"1928","ト）","confirmed","visual attack-name ligature/context ダブルバーニングファイヤー（グレート）"
"1929","（マ","confirmed","visual attack-name ligature/context ダブルバーニングファイヤー（マジンガー）"
"1930","ジン","confirmed","visual attack-name ligature/context ダブルバーニングファイヤー（マジンガー）"
"1931","ガー）","confirmed","visual attack-name ligature/context ダブルバーニングファイヤー（マジンガー）"
"1932","（ミ","confirmed","visual attack-name ligature/context ダブルバーニングファイヤー（ミネルバＸ）"
"1933","ネル","confirmed","visual attack-name ligature/context ダブルバーニングファイヤー（ミネルバＸ）"
"1934","バＸ）","confirmed","visual attack-name ligature/context ダブルバーニングファイヤー（ミネルバＸ）"
"1944","ダブ","confirmed","visual attack-name ligature/context ダブルバーニングファイヤー"
"1945","ルバ","confirmed","visual attack-name ligature/context ダブルバーニングファイヤー"
"1946","ーニ","confirmed","visual attack-name ligature/context ダブルバーニングファイヤー"
"1947","ング","confirmed","visual attack-name ligature/context ダブルバーニングファイヤー"
"1948","ファイヤー","confirmed","visual attack-name ligature/context ダブルバーニングファイヤー"
"1949","ダブ","confirmed","visual attack-name ligature/context ダブルライトニングバスター"
"1950","ルラ","confirmed","visual attack-name ligature/context ダブルライトニングバスター"
"1951","イト","confirmed","visual attack-name ligature/context ダブルライトニングバスター"
"1952","ニング","confirmed","visual attack-name ligature/context ダブルライトニングバスター"
"1953","バスター","confirmed","visual attack-name ligature/context ダブルライトニングバスター"
"1958","鳳","confirmed","visual/context 鳳凰光覇"
"2012","吉","confirmed","visual/context 不吉/吉報"
"2017","坑","confirmed","visual/context 坑道"
"354","橋","confirmed","visual/context 艦橋/橋を渡る"
"409","励","confirmed","visual/context 激励/励む/督励"
"469","牧","confirmed","visual/context 牧葉ひかる"
"721","較","confirmed","visual/context 比較的"
"789","挟","confirmed","visual/context 差し挟む/挟撃"
"1017","盛","confirmed","visual/context 盛り上がり/盛大"
"1045","倉","confirmed","visual/context 倉庫"
"1088","旦","confirmed","visual/context 一旦"
"1091","綻","confirmed","visual/context 破綻"
"1162","濃","confirmed","visual/context ミノフスキー粒子濃度/濃い"
"1170","拝","confirmed","visual/context 拝見"
"1183","般","confirmed","visual/context 一般人/一般兵/一般的"
"1201","腐","confirmed","visual/context 腐敗/腐心/腐った"
"1252","免","confirmed","visual/context 免じて/免れる"
"1254","猛","confirmed","visual/context 猛攻/猛き闘気/勇猛"
"1260","夜","confirmed","visual/context 今夜/夜も眠れぬ/夜明け前"
"1307","露","confirmed","visual/context 露骨/露払い/露呈"
"1317","戮","confirmed","visual/context 殺戮"
"1334","緩","confirmed","visual/context 緩む/緩める/緩衝材"
"1342","狐","confirmed","visual/context 女狐"
"1345","巧","confirmed","visual/context 巧妙/巧みに"
"1359","惜","confirmed","visual/context 出し惜しみ/名残り惜しい"
"1376","尾","confirmed","visual/context 追尾/艦尾/首尾"
"1377","漂","confirmed","visual/context 漂う/漂流"
"1382","奮","confirmed","visual/context 奮い立たせる/奮戦"
"1385","便","confirmed","visual/context 不便/便乗"
"1410","隔","confirmed","visual/context 隔壁/遠隔"
"1424","狂","confirmed","visual/context 狂う/狂舞/発狂"
"1437","汎","confirmed","visual/context 汎用/汎用性"
"1442","剛","confirmed","visual/context 金剛/金剛型"
"1474","箇","confirmed","visual/context 箇所"
"1488","犬","confirmed","visual/context 負け犬/犬死に"
"1489","献","confirmed","visual/context 貢献"
"1491","貢","confirmed","visual/context 年貢/貢献"
"1519","八","confirmed","visual/context 八つ裂き/八部"
"1522","秒","confirmed","visual/context 秒前"
"1527","奉","confirmed","visual/context 信奉/信奉者"
"1536","炸","confirmed","visual/context 炸裂"
"1542","亀","confirmed","visual/context 亀裂"
"1567","尋","confirmed","visual/context 尋常"
"1570","舌","confirmed","visual/context 舌をかむ"
"1573","舵","confirmed","visual/context 舵/面舵"
"1574","誕","confirmed","visual/context 誕生"
"1588","鳴","confirmed","visual/context 鳴る/鳴らせ/悲鳴"
"1602","運","confirmed","visual/context 幸運"
"1611","犯","confirmed","visual/context 犯罪/犯している"
"1617","幸","confirmed","visual/context 幸運"
"1640","依","confirmed","visual/context 依頼/依然"
"1647","懐","confirmed","visual/context 懐疑的/懐かしがる"
"1649","該","confirmed","visual/context 当該/該当"
"1657","戯","confirmed","visual/context 戯れ言"
"1660","挙","confirmed","visual/context 選挙/一挙/掲げる"
"1663","傾","confirmed","visual/context 傾く/傾いて"
"1669","肯","confirmed","visual/context 肯定"
"1675","絞","confirmed","visual/context 絞り込み"
"1688","衰","confirmed","visual/context 衰退"
"1711","弔","confirmed","visual/context 弔い合戦"
"1713","頂","confirmed","visual/context 頂点/頂きます"
"1719","毒","confirmed","visual/context 気の毒/毒ガス"
"1720","曇","confirmed","visual/context 曇らせる/曇りのない"
"1743","律","confirmed","visual/context 律する/律義"
"1754","偉","confirmed","visual/context 偉大"
"1758","煉","confirmed","visual/context 煉獄"
"1762","患","confirmed","visual/context 患者"
"1774","獄","confirmed","visual/context 煉獄"
"1777","災","confirmed","visual/context 災難/災害"
"1780","侍","confirmed","visual/context 侍従"
"1786","植","confirmed","visual/context 移植"
"1792","温","confirmed","visual/context 温まる/温かさ/温める"
"1801","如","confirmed","visual/context 突如/如く"
"1809","夕","confirmed","visual/context 夕陽"
"1821","暇","confirmed","visual/context 暇/休暇"
"1831","肩","confirmed","visual/context 肩を並べる/肩を持つ/細い肩"
"1889","宴","confirmed","visual/context 宴会"
"1899","遠","confirmed","visual/context 永遠"
"1900","盾","confirmed","visual/context 盾/矛盾"
"1905","府","confirmed","visual/context 政府"
"1913","封","confirmed","visual/context 封鎖/封じる/封じこめる"
"1918","咆","confirmed","mr-blade scenario title/context 最後の咆哮"
"2015","絡","confirmed","visual/context 連絡"
"2016","敬","confirmed","visual/context 敬意/尊敬"
"2018","恒","confirmed","visual/context 恒久/恒星旅行"
"2030","折","confirmed","visual/context へし折る/折れる"
"273","b","confirmed","visual/context orbit/Liberation"
"277","f","confirmed","visual/context of/from"
"278","g","confirmed","visual/context go/Fight/Wandering"
"285","s","confirmed","visual/context Supersonic/Eyes"
"286","u","confirmed","visual/context you/Supersonic"
"1618","問","confirmed","visual/context 問ッ/訪問"
"1670","克","confirmed","visual/context 克服"
"1681","縮","confirmed","visual/context 縮小"
"1682","述","confirmed","visual/context 述べる"
"1686","飾","confirmed","visual/context 飾り/着飾る"
"1689","澄","confirmed","visual/context 澄んだ/研ぎ澄ます"
"1706","只","confirmed","visual/context 真っ只中"
"1707","鍛","confirmed","visual/context 鍛える"
"1718","路","confirmed","visual/context 誘導路"
"1736","矛","confirmed","visual/context 矛先/矛盾"
"1755","烏","confirmed","visual/context 烏合の衆"
"1763","憾","confirmed","visual/context 遺憾"
"1799","匿","confirmed","visual/context 秘匿"
"1806","冒","confirmed","visual/context 冒険"
"1819","塩","confirmed","visual/context 手塩にかける"
"1827","菊","confirmed","visual/context ひな菊"
"1838","沼","confirmed","visual/context 泥沼の戦争"
"1844","壮","confirmed","visual/context 壮健"
"1848","寧","confirmed","visual/context 安寧"
"1852","唐","confirmed","visual/context 唐突"
"1855","洞","confirmed","visual/context 洞察/空洞"
"1856","疲","confirmed","visual/context 疲れた肩"
"1867","飽","confirmed","visual/context 飽きる/聞き飽きた"
"1877","訪","confirmed","visual/context 訪問"
"1882","人","confirmed","visual/context 現代人"
"1895","朽","confirmed","visual/context 朽ち果てる"
"1956","隅","confirmed","visual/context 隅々/片隅"
"1981","飼","confirmed","visual/context 飼い犬"
"1986","診","confirmed","visual/context 先生の診察を受けてる"
"1991","兆","confirmed","mr-blade scenario corpus/context 危険な兆候が見えたら"
"2001","泡","confirmed","mr-blade scenario corpus/context 一泡吹かせてやれるぜ"
"2013","凶","confirmed","visual/context 凶暴/凶弾"
"2014","仰","confirmed","visual/context 指示を仰がねば/仰ごう"
"2022","叱","confirmed","visual/context お叱り"
"2025","淑","confirmed","visual/context 紳士淑女"
"2028","紳","confirmed","mr-blade scenario corpus/context 紳士淑女"
"2029","崇","confirmed","visual/context 崇高"
"2035","呈","confirmed","visual/context 露呈"
"2042","吠","confirmed","visual/context 遠吠え/吠える"
"2047","前","confirmed","scenario title variant/context OZ分裂 前編/決死の突破作戦 前編"
"2048","中","confirmed","scenario title variant/context アクシズの攻防 中編"
"2049","後","confirmed","scenario title variant/context OZ分裂 後編/決死の突破作戦 後編"
"2051","凱","confirmed","visual/context 風に響く勝利の凱歌"
"2052","歌","confirmed","visual/context 風に響く勝利の凱歌"
"2056","膜","confirmed","visual/context 弁膜/人工弁膜"
"681","沿","confirmed","mr-blade scenario corpus+visual/context 沿岸部"
"1104","著","confirmed","mr-blade scenario corpus+visual/context 著しく低下"
"1178","薄","confirmed","mr-blade scenario corpus+visual/context 手薄"
"1393","裸","confirmed","mr-blade scenario corpus+visual/context 裸同然"
"1594","迂","confirmed","mr-blade scenario corpus+visual/context 迂回"
"1623","渋","confirmed","mr-blade scenario corpus+visual/context 苦渋"
"1652","寛","confirmed","mr-blade scenario corpus+visual/context 寛大"
"1690","寸","confirmed","mr-blade scenario corpus+visual/context 寸法"
"1700","堕","confirmed","mr-blade scenario corpus+visual/context 堕落"
"1714","徒","confirmed","mr-blade scenario corpus+visual/context 徒党"
"1747","焉","confirmed","mr-blade scenario corpus+visual/context 野望の終焉"
"1794","昼","confirmed","mr-blade scenario corpus+visual/context 昼寝"
"1796","摘","confirmed","mr-blade scenario corpus+visual/context 指摘"
"1814","拗","confirmed","mr-blade scenario corpus+visual/context 執拗"
"1822","菓","confirmed","mr-blade scenario corpus+visual/context お茶菓子"
"1828","享","confirmed","mr-blade scenario corpus+visual/context 享受"
"1893","館","confirmed","mr-blade scenario corpus+visual/context 博物館"
"1963","芽","confirmed","mr-blade scenario corpus+visual/context 争いの芽"
"1965","刈","confirmed","mr-blade scenario corpus+visual/context 刈り取る"
"1980","擦","confirmed","mr-blade scenario corpus+visual/context 摩擦熱"
"2003","摩","confirmed","mr-blade scenario corpus+visual/context 摩擦熱"
"2031","曾","confirmed","mr-blade scenario corpus+visual/context 未曾有"
"1691","署","confirmed","visual/context 署名/ドーリアン署"
"1864","勉","confirmed","visual/context 勉強"
"2055","症","confirmed","visual/context 心臓弁膜症"
"1454","酔舞","confirmed","visual 14x14 ligature/context 酔舞・再現江湖デッドリーウェーブ"
"1455","再現","confirmed","visual 14x14 ligature/context 酔舞・再現江湖デッドリーウェーブ"
"1456","江湖","confirmed","visual 14x14 ligature/context 酔舞・再現江湖デッドリーウェーブ"
"1457","流派","confirmed","visual 14x14 ligature/context 流派東方不敗石破天驚拳"
"1458","東方","confirmed","visual 14x14 ligature/context 流派東方不敗石破天驚拳"
"1459","不敗","confirmed","visual 14x14 ligature/context 流派東方不敗石破天驚拳"
"1778","札","confirmed","visual/context 切り札"
"1785","祥","confirmed","visual/context 発祥の地"
"1791","卓","confirmed","visual/context 卓抜"
"1797","土","confirmed","visual/context 土の下/領土"
"1802","繁","confirmed","visual/context 繁栄"
"1811","緑","confirmed","visual/context 緑の大地/緑あふるる"
"1842","粋","confirmed","visual/context 純粋"
"1851","泥","confirmed","visual/context 泥沼/雲泥の差"
"1862","評","confirmed","visual/context 評価"
"1869","銘","confirmed","visual/context 正真正銘/肝に銘じる"
"1908","塔","confirmed","visual/context 金字塔/砲塔"
"1910","肌","confirmed","visual/context 肌で感じる/鳥肌/お肌"
"1920","遥","confirmed","visual/context 遥かな昔/遥かな未来"
"1922","喉","confirmed","visual/context 喉元"
"2011","丸","confirmed","visual/context 一丸となって"
"2023","囚","confirmed","visual/context 虜囚"
"2024","汁","confirmed","visual/context 苦汁"
"2032","則","confirmed","visual/context 原則/罰則"
"2041","乏","confirmed","visual/context 窮乏"
"2044","毛","confirmed","visual/context 不毛/毛頭ない"
"2045","猶","confirmed","visual/context 一刻の猶予"
"403","醒","confirmed","visual/context 醒めない/覚醒"
"514","江","confirmed","visual/context 神江宇宙太/再現江湖"
"683","闇","confirmed","visual/context 暗闇"
"715","嚇","confirmed","visual/context 威嚇"
"751","既","confirmed","visual/context 既存"
"875","観","confirmed","visual/context 観測者"
"973","省","confirmed","visual/context 省略/反省"
"974","暗","confirmed","visual/context 暗闇"
"1081","通","confirmed","visual/context 血の通った"
"1192","鼻","confirmed","visual/context 鼻をあかす/目と鼻の先"
"1203","赴","confirmed","visual/context 赴任"
"1238","没","confirmed","visual/context 没頭/出没"
"1302","列","confirmed","visual/context 同列/戦列"
"1352","召","confirmed","visual/context 召集/召される"
"1380","嬌","confirmed","visual/context 愛嬌"
"1384","蔑","confirmed","visual/context 軽蔑"
"1387","蜂","confirmed","visual/context 蜂起"
"1390","考","confirmed","visual/context 考慮/考える"
"1440","偏","confirmed","visual/context 偏向メガ粒子砲"
"1478","蜂の巣","confirmed","visual 14x14 phrase glyph/context 蜂の巣にしてやる"
"1496","削","confirmed","visual/context 削られた/削りとる"
"1515","賃","confirmed","visual/context 駄賃"
"1546","玉","confirmed","visual/context 親玉"
"1576","蓄","confirmed","visual/context 備蓄基地"
"1610","板","confirmed","visual/context 甲板/胸板"
"1614","毎","confirmed","visual/context 毎日"
"1638","併","confirmed","visual/context 併用/併合"
"1648","概","confirmed","visual/context 一概"
"1656","岐","confirmed","visual/context 分岐"
"1666","食","confirmed","visual/context 食後"
"1672","採","confirmed","visual/context 森林伐採/採決"
"1674","錯","confirmed","visual/context 錯乱"
"1704","開","confirmed","visual/context 時代を開く/道を開く"
"1730","福","confirmed","visual/context 幸福"
"1746","朗","confirmed","visual/context 朗報"
"1764","陥","confirmed","visual/context 陥る/陥落"
"1767","袈","confirmed","visual/context 袈裟"
"1772","康","confirmed","visual/context 小康状態"
"1776","裟","confirmed","visual/context 袈裟"
"1781","遮","confirmed","visual/context 遮へい"
"1788","粗","confirmed","visual/context 粗末"
"1793","逐","confirmed","visual/context 逐次"
"1808","融","confirmed","visual/context 融合"
"1818","芋","confirmed","visual/context 芋の皮むき"
"1824","殻","confirmed","visual/context 抜け殻/地殻変動"
"1840","針","confirmed","visual/context 方針"
"1858","莫","confirmed","visual/context 莫大"
"1866","豊","confirmed","visual/context 豊か"
"1868","妨","confirmed","visual/context 妨害/妨げる"
"1871","揚","confirmed","visual/context 強襲揚陸/旗揚げ"
"1872","遥","confirmed","visual/context 遥か"
"1886","曼陀","confirmed","visual 14x14 ligature/context 地球曼陀羅 + 曼陀羅円陣・極楽往生"
"1887","羅円","confirmed","visual 14x14 ligature/context 曼陀羅円陣・極楽往生"
"1888","陣・","confirmed","visual 14x14 ligature/context 招雷 天竜魔滅陣 + 曼陀羅円陣・極楽往生"
"1891","稼","confirmed","visual/context 稼働"
"1894","忌","confirmed","visual/context 忌まわしい"
"1906","跳","confirmed","visual/context 跳ねる/跳梁"
"1921","凍","confirmed","visual/context 凍え死に"
"1935","（","confirmed","visual 14x14 bracket variant/context ツインオーラアタック custom suffix"
"1937","）","confirmed","visual 14x14 bracket/context ツインオーラアタック custom suffix"
"1938","（","confirmed","visual 14x14 bracket variant/context ツインオーラアタック custom suffix"
"1940","）","confirmed","visual 14x14 bracket/context ツインオーラアタック custom suffix"
"1941","（","confirmed","visual 14x14 bracket variant/context ツインオーラアタック custom suffix"
"1936","ビルバイン","confirmed","attack list/context ツインオーラアタック（ビルバイン）"
"1939","ダンバイン","confirmed","attack list/context ツインオーラアタック（ダンバイン）"
"1943","）","confirmed","visual 14x14 bracket/context ツインオーラアタック custom suffix"
"1942","サーバイン","confirmed","attack list/context ツインオーラアタック（サーバイン）"
"1954","哮","confirmed","mr-blade scenario title/context 最後の咆哮"
"1957","曲","confirmed","scenario title/context 破滅への序曲"
"2021","紙","confirmed","visual/context 紙の上に血 and 手紙"
"2036","釘","confirmed","visual/context 釘づけ and 釘を差す"
"2038","箱","confirmed","visual/context パンドラの箱 and 悪夢の飛び出す箱"
"2039","事","confirmed","visual/context duplicate slot 軍事政治"
"2040","扉","confirmed","visual/context 閉ざす扉"
"2043","冥","confirmed","visual/context 冥府の鬼"
"237","α","confirmed","visual/context α・アジール"
"485","巴","confirmed","visual/context 巴武蔵"
"700","苛","confirmed","visual+mr-blade title/context 苛烈！猛攻のエルブルス"
"736","漢","confirmed","visual+mr-blade title/context 漢の意地！？決別の時"
"726","瓦","confirmed","visual/context 瓦礫の下"
"1319","礫","confirmed","visual/context 瓦礫の下"
"766","虐","confirmed","visual/context duplicate slot 虐殺された"
"829","牽","confirmed","visual/context 牽制"
"918","慈","confirmed","visual/context 慈善団体"
"1108","眺","confirmed","visual/context 眺めて"
"1313","嗅","confirmed","visual/context 嗅ぎつける"
"1320","詭","confirmed","visual/context 詭弁"
"1322","丘","confirmed","visual/context 砂丘"
"1426","旋","confirmed","visual/context 旋回しろ"
"1502","祝","confirmed","visual/context 再会を祝して"
"1480","乾","confirmed","visual/context 乾杯"
"1486","九","confirmed","visual/context 九州男児"
"1487","串","confirmed","visual/context 串刺し"
"1494","冴","confirmed","visual/context 腕の冴え"
"1504","情","confirmed","visual/context duplicate slot 情熱"
"1845","熱","confirmed","visual/context duplicate slot 情熱"
"1506","凄","confirmed","visual/context 凄まじい"
"1521","肘","confirmed","visual/context 肘打ち"
"1523","敏","confirmed","visual/context 機敏"
"1526","噴","confirmed","visual/context 噴射機"
"1539","蟷","confirmed","visual/context 蟷螂の斧"
"1538","螂","confirmed","visual/context 蟷螂の斧"
"1566","憫","confirmed","visual/context 不憫"
"1587","姿","confirmed","visual/context duplicate slot 容姿"
"1592","挨","confirmed","visual/context 挨拶"
"1603","拶","confirmed","visual/context 挨拶"
"1621","催","confirmed","visual/context 催眠術"
"1631","覗","confirmed","visual/context おフロを覗いたり"
"1642","置","confirmed","visual/context duplicate slot 設置"
"1654","鑑","confirmed","visual/context DNA鑑定"
"1676","錆","confirmed","visual/context 錆びた刀"
"1684","賞","confirmed","visual/context 賞賛"
"1687","浸","confirmed","visual/context 浸透"
"1854","透","confirmed","visual/context 浸透"
"1722","伐","confirmed","visual/context 森林伐採"
"1724","蛮","confirmed","visual/context 野蛮"
"1753","膨","confirmed","visual/context 膨れ上がる"
"1759","穫","confirmed","visual/context 収穫"
"1800","徳","confirmed","visual/context 人徳"
"1817","逢","confirmed","visual/context 逢いたい"
"1820","枢","confirmed","visual/context duplicate slot 敵中枢"
"1825","滑","confirmed","visual/context 運河を滑る"
"1829","務","confirmed","visual/context duplicate slot 務め"
"1830","屑","confirmed","visual/context 星屑"
"1881","軋","confirmed","visual/context 軋(きし)んだ夢"
"1833","夢","confirmed","visual/context duplicate slot 軋んだ夢"
"1835","惨","confirmed","visual/context 悲惨な状況"
"1836","説","confirmed","visual/context duplicate slot 説明"
"1837","春","confirmed","visual/context 青春(いま)"
"1839","拭","confirmed","visual/context キスで拭った"
"1841","震","confirmed","visual/context 震えてる指先"
"1846","窓","confirmed","visual/context ビルの窓"
"1847","促","confirmed","visual/context 解決するよう促して"
"1850","聴","confirmed","visual/context オルゴールを聴いてた"
"1859","謀","confirmed","visual/context duplicate slot 謀乱"
"1861","氷","confirmed","visual/context 氷の壁"
"1863","描","confirmed","visual/context 描いた未来"
"1865","俸","confirmed","visual/context 減俸もの"
"1870","盲","confirmed","visual/context 盲目"
"1873","浴","confirmed","visual/context シャワーを浴びたら"
"1874","淋","confirmed","visual/context 淋しいサーカス"
"1875","漏","confirmed","visual/context エネルギーが漏れてる"
"1880","骸","confirmed","visual/context duplicate slot 残骸"
"1885","苗","confirmed","visual/context 苗字"
"1890","夏","confirmed","visual/context 飛んで火に入る夏の虫"
"1892","竹","confirmed","visual/context duplicate slot 竹トンボ"
"1896","喰","confirmed","visual/context 喰い破れ"
"1904","智","confirmed","visual/context 叡智"
"1907","命","confirmed","visual/context duplicate slot 地球の命"
"1915","僚","confirmed","visual/context 官僚主義"
"1955","涯","confirmed","visual/context 生涯"
"1960","叡","confirmed","visual/context 叡智"
"1962","頃","confirmed","visual/context duplicate slot 頃合い"
"1964","垣","confirmed","visual/context 垣根"
"1967","嬉","confirmed","visual/context 嬉しくないの"
"1968","紀","confirmed","visual/context 新世紀"
"1969","駒","confirmed","visual/context 手駒"
"1971","潔","confirmed","visual/context 高潔な魂"
"1972","兼","confirmed","visual/context 兼ね合い"
"1973","堅","confirmed","visual/context 堅苦しい"
"1974","戸","confirmed","visual/context duplicate slot 瀬戸際"
"1975","厚","confirmed","visual/context 人望厚い"
"1976","楔","confirmed","visual/context 楔を打ちこむ"
"1978","香","confirmed","visual/context 香り"
"1979","婦","confirmed","visual/context duplicate slot 夫婦"
"1985","署","confirmed","visual/context duplicate slot 各部署"
"1990","逮","confirmed","visual/context 逮捕"
"1992","潮","confirmed","visual/context 潮時"
"1993","使","confirmed","visual/context duplicate slot 使命"
"1994","哲","confirmed","visual/context 哲学"
"1995","盲","confirmed","visual/context duplicate slot 盲目"
"1997","晩","confirmed","visual/context 最後の晩さん"
"1999","募","confirmed","visual/context 募集"
"2004","漫","confirmed","visual/context 漫画家"
"2006","錬","confirmed","visual/context 鍛錬"
"2009","験","confirmed","visual/context duplicate slot 経験"
"2010","撃","confirmed","visual/context duplicate slot 追撃"
"2019","控","confirmed","visual/context 控えている"
"2026","尻","confirmed","visual/context 尻ぬぐい"
"2027","伸","confirmed","visual/context 伸ばす"
"2050","須","confirmed","visual/context 必須"
"2053","棺","confirmed","visual/context 棺おけがわり"
"2054","漁","confirmed","visual/context 漁に出た"
"455","暁","confirmed","visual/context 維新竜・暁; external SRW Wiki cross-check"
"1535","痛","confirmed","visual/context duplicate slot 痛球熱波"
"250","×","confirmed","visual/context 残りの精神ポイント×2"
"1815","合","confirmed","visual/context command list 分離, 合体, 修理; external SRW Wiki SRW64 special ability list"
"1816","体","confirmed","visual/context command list 分離, 合体, 修理; external SRW Wiki SRW64 special ability list"
"1637","市","confirmed","visual/context terrain-name list after 港 and before コンテナ; duplicate/alternate slot of 市"
